Velocidade local,Dia da Semana,Cond Aderência,Distrito,Tipos Vias,Estado Conservação,Factores Atmosféricos,Reg Circulação1,Intersecção Vias,Localizações,Luminosidade,Marca Via,Natureza,Obras Arte,Obstáculos,Sentidos,Sinais,Sinais Luminosos,Tipo Piso,Traçado 1,Traçado 2,Traçado 3,Traçado 4,Via Trânsito,Periodo do Dia,Tipo de Acidente,Data
50.0,Quarta-Feira ,Seco e limpo,Viseu,Arruamento,Em bom estado,Bom tempo,Sentido único,Fora da intersecção,Dentro das localidades,Em pleno dia,Com marcas - separadoras de sentido e de vias de trânsito,Atropelamento de peões,NÃO DEFINIDO,Inexistentes,No sentido crescente da quilometragem,Passagem de peões,Inexistentes,Betuminoso,Recta,Em patamar,Berma pavimentada,Em plena via,Esquerda,Manha,ligeiro,2013:02:13
80.0,Quinta-Feira ,Húmido,Setúbal,IC - Itinerário Complementar,Em bom estado,Nevoeiro,Dois sentidos,Fora da intersecção,Fora das localidades,Aurora ou crepúsculo,Com marcas - separadoras de sentido de trânsito,Colisão frontal,NÃO DEFINIDO,Inexistentes,NÃO DEFINIDO,NÃO DEFINIDO,Inexistentes,Betuminoso,Recta,Em patamar,Berma pavimentada,Em plena via,Direita,Manha,muito grave,2011:02:24
100.0,Sábado       ,Molhado,Porto,A  - Auto-Estrada,Em estado regular,Bom tempo,Sentido único,Fora da intersecção,Fora das localidades,Em pleno dia,Com marcas - separadoras de sentido e de vias de trânsito,Despiste com transposição do dispositivo de retenção lateral,NÃO DEFINIDO,Inexistentes,No sentido crescente da quilometragem,Outros,Inexistentes,Betuminoso,Curva,Com inclinação,Berma pavimentada,Em plena via,Direita,Manha,ligeiro,2010:02:20
90.0,Sexta-Feira  ,Seco e limpo,Santarém,EN - Estrada Nacional,Em bom estado,Bom tempo,Dois sentidos,Fora da intersecção,Fora das localidades,Sol escandeante,Com marcas - separadoras de sentido de trânsito,Despiste simples,NÃO DEFINIDO,Inexistentes,NÃO DEFINIDO,NÃO DEFINIDO,Inexistentes,Betuminoso,Curva,Com inclinação,Berma pavimentada,Em plena via,Direita,Tarde,ligeiro,2013:02:15
90.0,Terça-Feira  ,Seco e limpo,Évora,EN - Estrada Nacional,Em bom estado,Bom tempo,Dois sentidos,Em cruzamento,Fora das localidades,Em pleno dia,Com marcas - separadoras de sentido de trânsito,Colisão lateral com outro veículo em movimento,NÃO DEFINIDO,Inexistentes,NÃO DEFINIDO,Stop,Inexistentes,Betuminoso,Recta,Em patamar,Berma pavimentada,Em plena via,Direita,Tarde,ligeiro,2015:02:24
50.0,Quarta-Feira ,Molhado,Setúbal,EN - Estrada Nacional,Em bom estado,Chuva,Dois sentidos,Fora da intersecção,Dentro das localidades,Em pleno dia,Com marcas - separadoras de sentido de trânsito,Despiste simples,NÃO DEFINIDO,Inexistentes,NÃO DEFINIDO,NÃO DEFINIDO,Inexistentes,Betuminoso,Recta,Em patamar,Sem berma ou impraticável,Em plena via,Direita,Tarde,ligeiro,2018:02:28
90.0,Segunda-Feira,Seco e limpo,Coimbra,EN - Estrada Nacional,Em estado regular,Bom tempo,Dois sentidos,Fora da intersecção,Fora das localidades,Em pleno dia,Com marcas - separadoras de sentido de trânsito,Despiste com capotamento,NÃO DEFINIDO,Inexistentes,NÃO DEFINIDO,NÃO DEFINIDO,Inexistentes,Betuminoso,Curva,Com inclinação,Berma não pavimentada,Em plena via,Direita,Manha,ligeiro,2012:02:13
50.0,Segunda-Feira,Húmido,Braga,Arruamento,Em estado regular,NÃO DEFINIDO,Dois sentidos,NÃO DEFINIDO,Dentro das localidades,Em pleno dia,Com marcas - separadoras de sentido de trânsito,Colisão lateral com outro veículo em movimento,NÃO DEFINIDO,Inexistentes,NÃO DEFINIDO,NÃO DEFINIDO,NÃO DEFINIDO,Betuminoso,Recta,Em patamar,Berma pavimentada,Em plena via,Direita,Tarde,ligeiro,2010:02:22
50.0,Terça-Feira  ,Molhado,Bragança,Arruamento,Em bom estado,Chuva,Dois sentidos,Em cruzamento,Dentro das localidades,Em pleno dia,Com marcas - separadoras de sentido e de vias de trânsito,Colisão lateral com outro veículo em movimento,NÃO DEFINIDO,Inexistentes,NÃO DEFINIDO,NÃO DEFINIDO,Inexistentes,Betuminoso,Recta,Em patamar,Berma pavimentada,Em plena via,Direita,Manha,ligeiro,2013:02:19
90.0,Quarta-Feira ,Seco e limpo,Santarém,EM - Estrada Municipal,Em bom estado,Bom tempo,Dois sentidos,Fora da intersecção,Fora das localidades,"Noite, sem iluminação",Sem marcas rodoviárias ou pouco visíveis,Despiste com capotamento,NÃO DEFINIDO,Inexistentes,NÃO DEFINIDO,NÃO DEFINIDO,Inexistentes,Betuminoso,Recta,Em patamar,Sem berma ou impraticável,Em via ou pista reservada,Direita,Noite,ligeiro,2019:02:20
50.0,Segunda-Feira,Seco e limpo,Faro,Arruamento,Em bom estado,Bom tempo,Dois sentidos,Fora da intersecção,Dentro das localidades,Em pleno dia,Com marcas - separadoras de sentido de trânsito,Atropelamento de peões,NÃO DEFINIDO,Inexistentes,NÃO DEFINIDO,NÃO DEFINIDO,Inexistentes,Betuminoso,Recta,Em patamar,Berma pavimentada,Em plena via,Direita,Tarde,ligeiro,2016:02:22
50.0,Domingo      ,Seco e limpo,Lisboa,Arruamento,Em bom estado,Bom tempo,Dois sentidos,Fora da intersecção,Dentro das localidades,"Noite, com iluminação",Sem marcas rodoviárias ou pouco visíveis,Atropelamento de peões,NÃO DEFINIDO,Inexistentes,NÃO DEFINIDO,Passagem de peões,Inexistentes,Betuminoso,Recta,Com inclinação,Sem berma ou impraticável,Em plena via,Direita,Madrugada,ligeiro,2017:02:05
50.0,Domingo      ,Seco e limpo,Leiria,EN - Estrada Nacional,Em bom estado,Bom tempo,Sentido único,Em rotunda,Dentro das localidades,Aurora ou crepúsculo,Com marcas - separadoras de sentido e de vias de trânsito,Despiste com colisão com veículo imobil. ou obstáculo,NÃO DEFINIDO,Inexistentes,NÃO DEFINIDO,Cedência de passagem,Inexistentes,Betuminoso,Curva,Em patamar,Berma pavimentada,Em plena via,Esquerda,Manha,ligeiro,2018:02:04
50.0,Sábado       ,Molhado,Braga,EN - Estrada Nacional,Em estado regular,Bom tempo,Dois sentidos,Fora da intersecção,Dentro das localidades,Em pleno dia,Com marcas - separadoras de sentido de trânsito,Atropelamento de peões,NÃO DEFINIDO,Inexistentes,NÃO DEFINIDO,NÃO DEFINIDO,Inexistentes,Betuminoso,Recta,Em patamar,Sem berma ou impraticável,Em plena via,Direita,Tarde,grave,2014:02:01
50.0,Segunda-Feira,Molhado,Faro,Arruamento,Em estado regular,Chuva,Dois sentidos,Em entroncamento,Dentro das localidades,Em pleno dia,Sem marcas rodoviárias ou pouco visíveis,Colisão lateral com outro veículo em movimento,NÃO DEFINIDO,Inexistentes,NÃO DEFINIDO,Cedência de passagem,Inexistentes,Betuminoso,Curva,Com inclinação,Sem berma ou impraticável,Em plena via,Direita,Manha,ligeiro,2018:02:26
50.0,Domingo      ,Seco e limpo,Lisboa,Arruamento,Em bom estado,Bom tempo,Dois sentidos,Em rotunda,Dentro das localidades,Em pleno dia,Com marcas - separadoras de sentido e de vias de trânsito,Colisão lateral com outro veículo em movimento,NÃO DEFINIDO,Inexistentes,NÃO DEFINIDO,Outros,Inexistentes,Betuminoso,Curva,Em patamar,Berma pavimentada,Em plena via,Direita,Manha,ligeiro,2011:02:27
90.0,Quinta-Feira ,Húmido,Guarda,EN - Estrada Nacional,Em estado regular,Chuva,Dois sentidos,Fora da intersecção,Fora das localidades,Em pleno dia,Com marcas - separadoras de sentido de trânsito,Despiste simples,NÃO DEFINIDO,Inexistentes,NÃO DEFINIDO,Outros,Inexistentes,Betuminoso,Recta,Em patamar,Berma pavimentada,Em plena via,Direita,Tarde,ligeiro,2017:02:02
50.0,Segunda-Feira,Seco e limpo,Lisboa,Arruamento,Em bom estado,Bom tempo,Dois sentidos,NÃO DEFINIDO,Dentro das localidades,Em pleno dia,Com marcas - separadoras de sentido de trânsito,Despiste sem dispositivo de retenção,NÃO DEFINIDO,Inexistentes,NÃO DEFINIDO,Outros,Inexistentes,Calçada,Recta,Com inclinação,Berma pavimentada,Em plena via,Direita,Tarde,ligeiro,2010:02:01
90.0,Segunda-Feira,Seco e limpo,Lisboa,Outra Via,Em estado regular,Bom tempo,Dois sentidos,Em via de desaceleração,Dentro das localidades,Em pleno dia,Com marcas - separadoras de sentido e de vias de trânsito,Colisão traseira com outro veículo em movimento,NÃO DEFINIDO,Inexistentes,No sentido decrescente da quilometragem,Outros,Inexistentes,Betuminoso,Recta,Em patamar,Berma pavimentada,Em plena via,Direita,Tarde,ligeiro,2019:02:25
50.0,Quarta-Feira ,Seco e limpo,Braga,Arruamento,Em estado regular,Bom tempo,Dois sentidos,Em cruzamento,Dentro das localidades,"Noite, com iluminação",Com marcas - separadoras de sentido de trânsito,Colisão com outras situações,NÃO DEFINIDO,Inexistentes,NÃO DEFINIDO,Stop,Inexistentes,Betuminoso,Curva,Em patamar,Sem berma ou impraticável,Em plena via,Direita,Noite,ligeiro,2019:02:27
50.0,Sexta-Feira  ,Seco e limpo,Lisboa,Arruamento,Em estado regular,Bom tempo,Dois sentidos,Em cruzamento,Dentro das localidades,Em pleno dia,Com marcas - separadoras de sentido e de vias de trânsito,Colisão lateral com outro veículo em movimento,NÃO DEFINIDO,Inexistentes,NÃO DEFINIDO,NÃO DEFINIDO,Inexistentes,Calçada,Recta,Em patamar,Berma pavimentada,Em plena via,Direita,Manha,ligeiro,2019:02:01
50.0,Sexta-Feira  ,Húmido,Braga,EN - Estrada Nacional,Em bom estado,Bom tempo,Dois sentidos,Em cruzamento,Dentro das localidades,Em pleno dia,Com marcas - separadoras de sentido de trânsito,Colisão traseira com outro veículo em movimento,NÃO DEFINIDO,Inexistentes,NÃO DEFINIDO,Outros,Inexistentes,Betuminoso,Recta,Em patamar,Berma pavimentada,Em plena via,Direita,Manha,ligeiro,2014:02:28
50.0,Quarta-Feira ,Seco e limpo,Setúbal,Arruamento,Em estado regular,Bom tempo,Sentido único,Em rotunda,Dentro das localidades,"Noite, com iluminação",Sem marcas rodoviárias ou pouco visíveis,Colisão traseira com outro veículo em movimento,NÃO DEFINIDO,Inexistentes,NÃO DEFINIDO,NÃO DEFINIDO,Inexistentes,Betuminoso,Curva,Em patamar,Sem berma ou impraticável,Em plena via,Central,Noite,ligeiro,2010:02:17
50.0,Quinta-Feira ,Seco e limpo,Porto,Arruamento,Em estado regular,Bom tempo,Dois sentidos,Fora da intersecção,Dentro das localidades,Em pleno dia,Sem marcas rodoviárias ou pouco visíveis,Atropelamento de peões,NÃO DEFINIDO,Inexistentes,NÃO DEFINIDO,Outros,Inexistentes,Calçada,Recta,Com inclinação,Berma pavimentada,Em plena via,Direita,Tarde,ligeiro,2015:02:19
50.0,Quarta-Feira ,Húmido,Lisboa,Arruamento,Em bom estado,Chuva,Dois sentidos,Fora da intersecção,Dentro das localidades,"Noite, com iluminação",Com marcas - separadoras de sentido de trânsito,Colisão lateral com outro veículo em movimento,NÃO DEFINIDO,Inexistentes,NÃO DEFINIDO,Stop,Inexistentes,Betuminoso,Recta,Em patamar,Berma não pavimentada,Em via ou pista reservada,Direita,Noite,ligeiro,2012:02:01
50.0,Quinta-Feira ,Seco e limpo,Porto,EN - Estrada Nacional,Em bom estado,Bom tempo,Dois sentidos,Fora da intersecção,Dentro das localidades,"Noite, com iluminação",Sem marcas rodoviárias ou pouco visíveis,Atropelamento de peões,NÃO DEFINIDO,Inexistentes,NÃO DEFINIDO,NÃO DEFINIDO,Inexistentes,Betuminoso,Recta,Em patamar,Berma pavimentada,Em plena via,NÃO DEFINIDO,Noite,ligeiro,2013:02:28
90.0,Quarta-Feira ,Seco e limpo,Viseu,EN - Estrada Nacional,Em bom estado,Bom tempo,Dois sentidos,Fora da intersecção,Fora das localidades,Em pleno dia,Com marcas - separadoras de sentido e de vias de trânsito,Despiste com colisão com veículo imobil. ou obstáculo,NÃO DEFINIDO,Inexistentes,NÃO DEFINIDO,Outros,Inexistentes,Betuminoso,Recta,Em patamar,Berma pavimentada,Na berma,Direita,Tarde,ligeiro,2010:02:03
50.0,Domingo      ,Seco e limpo,Lisboa,Arruamento,Em estado regular,Bom tempo,Sentido único,Em entroncamento,Dentro das localidades,"Noite, com iluminação",Com marcas - separadoras de sentido e de vias de trânsito,Despiste com dispositivo de retenção,NÃO DEFINIDO,Inexistentes,NÃO DEFINIDO,Outros,A funcionar normalmente,Betuminoso,Curva,Com inclinação,Sem berma ou impraticável,Em plena via,Esquerda,Noite,ligeiro,2019:02:24
80.0,Quarta-Feira ,Molhado,Lisboa,IC - Itinerário Complementar,Em estado regular,Chuva,Sentido único,Fora da intersecção,Fora das localidades,Em pleno dia,Com marcas - separadoras de sentido e de vias de trânsito,Despiste com dispositivo de retenção,NÃO DEFINIDO,Inexistentes,No sentido decrescente da quilometragem,NÃO DEFINIDO,Inexistentes,Betuminoso,Recta,Em patamar,Berma pavimentada,Em plena via,Direita,Manha,ligeiro,2018:02:28
50.0,Segunda-Feira,Seco e limpo,Lisboa,Arruamento,Em bom estado,Bom tempo,Dois sentidos,Fora da intersecção,Dentro das localidades,"Noite, com iluminação",Com marcas - separadoras de sentido e de vias de trânsito,Colisão com outras situações,Passagem estreita,Inexistentes,NÃO DEFINIDO,Outros,Inexistentes,Betuminoso,Recta,Em patamar,Berma pavimentada,Em parque de estacionamento,Direita,Noite,ligeiro,2013:02:18
50.0,Sábado       ,Seco e limpo,Setúbal,Arruamento,Em bom estado,Bom tempo,Dois sentidos,Fora da intersecção,Dentro das localidades,Em pleno dia,Sem marcas rodoviárias ou pouco visíveis,Atropelamento de peões,NÃO DEFINIDO,Inexistentes,NÃO DEFINIDO,NÃO DEFINIDO,Inexistentes,Betuminoso,Recta,Em patamar,Sem berma ou impraticável,Em plena via,Direita,Manha,ligeiro,2017:02:18
70.0,Quinta-Feira ,Húmido,Braga,EN - Estrada Nacional,Em bom estado,Bom tempo,Dois sentidos,Fora da intersecção,Dentro das localidades,Em pleno dia,Com marcas - separadoras de sentido e de vias de trânsito,Despiste sem dispositivo de retenção,NÃO DEFINIDO,Inexistentes,No sentido crescente da quilometragem,Outros,Inexistentes,Betuminoso,Curva,Com inclinação,Sem berma ou impraticável,Em plena via,Esquerda,Tarde,ligeiro,2016:02:25
50.0,Quinta-Feira ,Seco e limpo,Porto,Arruamento,Em bom estado,Bom tempo,Sentido único,Fora da intersecção,Dentro das localidades,Em pleno dia,Com marcas - separadoras de sentido e de vias de trânsito,Atropelamento de peões,NÃO DEFINIDO,Inexistentes,NÃO DEFINIDO,Outros,A funcionar normalmente,Betuminoso,Curva,Com inclinação,Sem berma ou impraticável,Em plena via,Direita,Tarde,ligeiro,2015:02:26
50.0,Quinta-Feira ,Húmido,Braga,EM - Estrada Municipal,Em estado regular,Bom tempo,Dois sentidos,Fora da intersecção,Fora das localidades,Em pleno dia,Sem marcas rodoviárias ou pouco visíveis,Despiste com capotamento,NÃO DEFINIDO,Inexistentes,NÃO DEFINIDO,Outros,Inexistentes,Calçada,Curva,Com inclinação,Berma não pavimentada,Na berma,Direita,Manha,ligeiro,2014:02:27
50.0,Segunda-Feira,Molhado,Aveiro,Arruamento,Em estado regular,Chuva,Dois sentidos,Fora da intersecção,Dentro das localidades,Em pleno dia,Sem marcas rodoviárias ou pouco visíveis,Colisão lateral com outro veículo em movimento,NÃO DEFINIDO,Inexistentes,NÃO DEFINIDO,NÃO DEFINIDO,Inexistentes,Betuminoso,Curva,Com inclinação,Sem berma ou impraticável,Em plena via,Direita,Tarde,ligeiro,2017:02:27
50.0,Quinta-Feira ,Seco e limpo,Lisboa,Arruamento,Em bom estado,Bom tempo,Dois sentidos,Fora da intersecção,Dentro das localidades,"Noite, com iluminação",Sem marcas rodoviárias ou pouco visíveis,Atropelamento de peões,NÃO DEFINIDO,Inexistentes,NÃO DEFINIDO,Outros,Inexistentes,Betuminoso,Recta,Em patamar,Berma pavimentada,Em plena via,Esquerda,Noite,ligeiro,2014:02:27
50.0,Sábado       ,Seco e limpo,Porto,Arruamento,Em bom estado,Bom tempo,Dois sentidos,Em entroncamento,Dentro das localidades,"Noite, com iluminação",Sem marcas rodoviárias ou pouco visíveis,Colisão lateral com outro veículo em movimento,NÃO DEFINIDO,Inexistentes,No sentido crescente da quilometragem,Stop,Inexistentes,Betuminoso,Recta,Em patamar,Berma pavimentada,Em plena via,Direita,Noite,ligeiro,2011:02:26
50.0,Domingo      ,Seco e limpo,Lisboa,Arruamento,Em estado regular,Bom tempo,Dois sentidos,Em entroncamento,Dentro das localidades,Em pleno dia,Com marcas - separadoras de sentido e de vias de trânsito,Colisão com outras situações,NÃO DEFINIDO,Inexistentes,NÃO DEFINIDO,Cedência de passagem,Inexistentes,Betuminoso,Recta,Com inclinação,Sem berma ou impraticável,Em plena via,Direita,Tarde,ligeiro,2015:02:22
50.0,Quinta-Feira ,Seco e limpo,Santarém,Arruamento,Em bom estado,Bom tempo,Dois sentidos,Em entroncamento,Dentro das localidades,Em pleno dia,Com marcas - separadoras de sentido de trânsito,Colisão lateral com outro veículo em movimento,NÃO DEFINIDO,Inexistentes,NÃO DEFINIDO,Cedência de passagem,Inexistentes,Betuminoso,Recta,Em patamar,Berma pavimentada,Em plena via,Direita,Tarde,ligeiro,2012:02:02
50.0,Sexta-Feira  ,Seco e limpo,Viseu,EN - Estrada Nacional,Em bom estado,Bom tempo,Sentido único,Fora da intersecção,Dentro das localidades,Em pleno dia,Com marcas - separadoras de sentido de trânsito,Despiste com fuga,NÃO DEFINIDO,Inexistentes,NÃO DEFINIDO,Outros,Inexistentes,Betuminoso,Curva,Com inclinação,Berma não pavimentada,Na berma,Direita,Tarde,ligeiro,2016:02:19
50.0,Terça-Feira  ,Seco e limpo,Setúbal,Arruamento,Em estado regular,Bom tempo,Dois sentidos,Em entroncamento,Dentro das localidades,Em pleno dia,Sem marcas rodoviárias ou pouco visíveis,Colisão frontal,NÃO DEFINIDO,Inexistentes,NÃO DEFINIDO,Outros,Inexistentes,Betuminoso,Recta,Em patamar,Berma pavimentada,Em plena via,Direita,Tarde,ligeiro,2019:02:12
50.0,Domingo      ,Molhado,Porto,EN - Estrada Nacional,Em estado regular,Chuva,Sentido único,Em rotunda,Dentro das localidades,"Noite, com iluminação",Com marcas - separadoras de sentido de trânsito,Despiste com fuga,NÃO DEFINIDO,Inexistentes,NÃO DEFINIDO,Outros,Inexistentes,Betuminoso,Curva,Em patamar,Berma pavimentada,Em plena via,Direita,Noite,ligeiro,2015:02:22
50.0,Terça-Feira  ,Seco e limpo,Lisboa,Arruamento,Em bom estado,Bom tempo,Dois sentidos,Fora da intersecção,Dentro das localidades,Em pleno dia,Sem marcas rodoviárias ou pouco visíveis,Atropelamento de peões,NÃO DEFINIDO,Inexistentes,NÃO DEFINIDO,Outros,Inexistentes,Betuminoso,Recta,Em patamar,Berma pavimentada,Em plena via,Direita,Tarde,ligeiro,2013:02:26
50.0,Terça-Feira  ,"Com gelo, geada ou neve",Porto,EN - Estrada Nacional,Em mau estado,Neve,Dois sentidos,Fora da intersecção,Dentro das localidades,Em pleno dia,Com marcas - separadoras de sentido de trânsito,Despiste simples,NÃO DEFINIDO,Inexistentes,NÃO DEFINIDO,Outros,Inexistentes,Betuminoso,Curva,Em patamar,Sem berma ou impraticável,Em plena via,Direita,Manha,ligeiro,2016:02:16
50.0,Sexta-Feira  ,Seco e limpo,Setúbal,Arruamento,Em estado regular,Bom tempo,Dois sentidos,Fora da intersecção,Dentro das localidades,"Noite, com iluminação",Sem marcas rodoviárias ou pouco visíveis,Despiste com capotamento,NÃO DEFINIDO,Inexistentes,NÃO DEFINIDO,Outros,Inexistentes,Betuminoso,Recta,Em patamar,Sem berma ou impraticável,Na berma,Direita,Noite,ligeiro,2012:02:17
80.0,Segunda-Feira,Seco e limpo,Lisboa,IP- Itinerário Principal,Em bom estado,Bom tempo,Dois sentidos,Fora da intersecção,Fora das localidades,"Noite, com iluminação",Com marcas - separadoras de sentido e de vias de trânsito,Despiste com dispositivo de retenção,NÃO DEFINIDO,Inexistentes,No sentido decrescente da quilometragem,Outros,Inexistentes,Betuminoso,Recta,Com inclinação,Berma pavimentada,Em plena via,Direita,Noite,ligeiro,2014:02:10
50.0,Domingo      ,Seco e limpo,Lisboa,Arruamento,Em estado regular,Bom tempo,Dois sentidos,Em entroncamento,Dentro das localidades,Em pleno dia,Com marcas - separadoras de sentido de trânsito,Colisão lateral com outro veículo em movimento,NÃO DEFINIDO,Inexistentes,NÃO DEFINIDO,Cedência de passagem,Inexistentes,Betuminoso,Recta,Em patamar,Sem berma ou impraticável,Em plena via,Direita,Manha,ligeiro,2019:02:10
50.0,Sábado       ,Húmido,Lisboa,Arruamento,Em estado regular,Bom tempo,Dois sentidos,Em entroncamento,Dentro das localidades,"Noite, com iluminação",Com marcas - separadoras de sentido e de vias de trânsito,Colisão com outras situações,NÃO DEFINIDO,Correctamente sinalizados,NÃO DEFINIDO,Outros,Inexistentes,Calçada,Recta,Em patamar,Berma pavimentada,Em plena via,Direita,Madrugada,ligeiro,2012:02:04
50.0,Quinta-Feira ,Seco e limpo,Lisboa,Arruamento,Em bom estado,Bom tempo,Dois sentidos,Em cruzamento,Dentro das localidades,"Noite, com iluminação",Com marcas - separadoras de sentido e de vias de trânsito,Colisão com outras situações,NÃO DEFINIDO,Inexistentes,NÃO DEFINIDO,Outros,A funcionar normalmente,Betuminoso,Recta,Com inclinação,Berma pavimentada,Em plena via,Direita,Noite,ligeiro,2012:02:16
50.0,Segunda-Feira,Seco e limpo,Setúbal,Arruamento,Em bom estado,Bom tempo,Dois sentidos,Em cruzamento,Dentro das localidades,"Noite, com iluminação",Sem marcas rodoviárias ou pouco visíveis,Colisão lateral com outro veículo em movimento,NÃO DEFINIDO,Inexistentes,NÃO DEFINIDO,NÃO DEFINIDO,Inexistentes,Betuminoso,Recta,Em patamar,Berma não pavimentada,Em plena via,Direita,Noite,ligeiro,2013:02:18
120.0,Quinta-Feira ,"Com gelo, geada ou neve",Vila Real,A  - Auto-Estrada,Em bom estado,Neve,Sentido único,Fora da intersecção,Fora das localidades,"Noite, sem iluminação",Com marcas - separadoras de sentido e de vias de trânsito,Despiste com capotamento,NÃO DEFINIDO,Inexistentes,No sentido crescente da quilometragem,Outros,Inexistentes,Betuminoso,Curva,Com inclinação,Berma pavimentada,Na berma,Direita,Madrugada,ligeiro,2011:02:17
50.0,Segunda-Feira,Seco e limpo,Aveiro,EM - Estrada Municipal,Em estado regular,Bom tempo,Dois sentidos,Fora da intersecção,Dentro das localidades,Aurora ou crepúsculo,Com marcas - separadoras de sentido de trânsito,Colisão lateral com outro veículo em movimento,NÃO DEFINIDO,Inexistentes,NÃO DEFINIDO,NÃO DEFINIDO,Inexistentes,Betuminoso,Recta,Em patamar,Berma pavimentada,Em plena via,Direita,Tarde,ligeiro,2019:02:04
30.0,Sábado       ,Seco e limpo,Lisboa,Arruamento,Em estado regular,Bom tempo,Dois sentidos,Fora da intersecção,Dentro das localidades,Em pleno dia,Com marcas - separadoras de sentido de trânsito,Colisão com outras situações,NÃO DEFINIDO,Inexistentes,NÃO DEFINIDO,Outros,Inexistentes,Betuminoso,Recta,Em patamar,Sem berma ou impraticável,Em plena via,Direita,Tarde,ligeiro,2015:02:14
50.0,Sábado       ,Seco e limpo,Setúbal,Arruamento,Em bom estado,Bom tempo,Dois sentidos,Fora da intersecção,Dentro das localidades,"Noite, com iluminação",Com marcas - separadoras de sentido e de vias de trânsito,Despiste simples,NÃO DEFINIDO,Inexistentes,NÃO DEFINIDO,Outros,Inexistentes,Betão de cimento,Recta,Em patamar,Berma pavimentada,Em plena via,Direita,Madrugada,ligeiro,2013:02:16
90.0,Sexta-Feira  ,Seco e limpo,Santarém,IC - Itinerário Complementar,Em bom estado,Bom tempo,Dois sentidos,Fora da intersecção,Fora das localidades,Em pleno dia,Com marcas - separadoras de sentido de trânsito,Colisão lateral com outro veículo em movimento,NÃO DEFINIDO,Inexistentes,NÃO DEFINIDO,Outros,Inexistentes,Betuminoso,Recta,Em patamar,Berma pavimentada,Em plena via,Direita,Tarde,ligeiro,2019:02:08
50.0,Sexta-Feira  ,Húmido,Viseu,Arruamento,Em bom estado,Bom tempo,Dois sentidos,Em rotunda,Dentro das localidades,Em pleno dia,Com marcas - separadoras de sentido e de vias de trânsito,Colisão lateral com outro veículo em movimento,NÃO DEFINIDO,Inexistentes,No sentido crescente da quilometragem,Stop,Inexistentes,Betuminoso,Curva,Com inclinação,Berma pavimentada,Em plena via,Direita,Manha,ligeiro,2015:02:20
50.0,Quinta-Feira ,Seco e limpo,Aveiro,Arruamento,Em bom estado,Bom tempo,Sentido único,Fora da intersecção,Dentro das localidades,Em pleno dia,Sem marcas rodoviárias ou pouco visíveis,Colisão lateral com outro veículo em movimento,NÃO DEFINIDO,Inexistentes,NÃO DEFINIDO,NÃO DEFINIDO,Inexistentes,Betuminoso,Recta,Em patamar,Berma não pavimentada,Em plena via,Direita,Manha,ligeiro,2011:02:10
50.0,Quarta-Feira ,Seco e limpo,Santarém,Arruamento,Em bom estado,Bom tempo,Dois sentidos,Em cruzamento,Dentro das localidades,Em pleno dia,Sem marcas rodoviárias ou pouco visíveis,Colisão frontal,NÃO DEFINIDO,Inexistentes,NÃO DEFINIDO,Stop,Inexistentes,Betuminoso,Recta,Em patamar,Berma pavimentada,Em plena via,Direita,Tarde,ligeiro,2011:02:02
50.0,Sábado       ,Seco e limpo,Braga,EN - Estrada Nacional,Em bom estado,Bom tempo,Dois sentidos,Fora da intersecção,Dentro das localidades,Em pleno dia,Com marcas - separadoras de sentido de trânsito,Colisão traseira com outro veículo em movimento,NÃO DEFINIDO,Inexistentes,NÃO DEFINIDO,Outros,Inexistentes,Betuminoso,Recta,Em patamar,Sem berma ou impraticável,Em plena via,Direita,Manha,ligeiro,2012:02:25
90.0,Sexta-Feira  ,Seco e limpo,Viseu,EN - Estrada Nacional,Em bom estado,Bom tempo,Dois sentidos,Em entroncamento,Fora das localidades,"Noite, com iluminação",Com marcas - separadoras de sentido de trânsito,Colisão lateral com outro veículo em movimento,NÃO DEFINIDO,Inexistentes,NÃO DEFINIDO,Cedência de passagem,Inexistentes,Betuminoso,Recta,Com inclinação,Berma pavimentada,Em plena via,Direita,Noite,ligeiro,2011:02:25
50.0,Sábado       ,Molhado,Leiria,Arruamento,Em bom estado,Chuva,Dois sentidos,Fora da intersecção,Dentro das localidades,Em pleno dia,Sem marcas rodoviárias ou pouco visíveis,Colisão frontal,NÃO DEFINIDO,Inexistentes,NÃO DEFINIDO,NÃO DEFINIDO,Inexistentes,Betuminoso,Recta,Em patamar,Sem berma ou impraticável,Em plena via,Direita,Tarde,ligeiro,2016:02:13
60.0,Sexta-Feira  ,Seco e limpo,Leiria,IC - Itinerário Complementar,Em bom estado,Bom tempo,Dois sentidos,Em cruzamento,Fora das localidades,Em pleno dia,Com marcas - separadoras de sentido de trânsito,Colisão lateral com outro veículo em movimento,NÃO DEFINIDO,Inexistentes,No sentido crescente da quilometragem,Outros,Intermitente,Betuminoso,Recta,Em patamar,Berma pavimentada,Em plena via,Direita,Manha,ligeiro,2017:02:24