Velocidade local,Dia da Semana,Cond Aderência,Distrito,Tipos Vias,Estado Conservação,Factores Atmosféricos,Reg Circulação1,Intersecção Vias,Localizações,Luminosidade,Marca Via,Natureza,Obras Arte,Obstáculos,Sentidos,Sinais,Sinais Luminosos,Tipo Piso,Traçado 1,Traçado 2,Traçado 3,Traçado 4,Via Trânsito,Periodo do Dia,Tipo de Acidente,Data
50.0,Segunda-Feira,Seco e limpo,Coimbra,EM - Estrada Municipal,Em bom estado,Bom tempo,Dois sentidos,Fora da intersecção,Dentro das localidades,"Noite, com iluminação",Com marcas - separadoras de sentido de trânsito,Despiste com capotamento,NÃO DEFINIDO,Inexistentes,NÃO DEFINIDO,Outros,Inexistentes,Betuminoso,Curva,Em patamar,Sem berma ou impraticável,Em plena via,Direita,Madrugada,ligeiro,2010:07:12
50.0,Quarta-Feira ,Molhado,Lisboa,EN - Estrada Nacional,Em estado regular,Chuva,Dois sentidos,Fora da intersecção,Fora das localidades,Em pleno dia,Com marcas - separadoras de sentido de trânsito,Despiste com capotamento,NÃO DEFINIDO,Inexistentes,NÃO DEFINIDO,NÃO DEFINIDO,Inexistentes,Betuminoso,Curva,Com inclinação,Sem berma ou impraticável,Na berma,Direita,Tarde,ligeiro,2015:07:01
50.0,Quarta-Feira ,Seco e limpo,Faro,Arruamento,Em bom estado,Bom tempo,Dois sentidos,Fora da intersecção,Dentro das localidades,Em pleno dia,Com marcas - separadoras de sentido de trânsito,Colisão frontal,NÃO DEFINIDO,Inexistentes,NÃO DEFINIDO,Proibição de ultrapassagem,Inexistentes,Betuminoso,Recta,Em patamar,Berma pavimentada,Em plena via,Direita,Noite,ligeiro,2012:07:18
50.0,Sexta-Feira  ,Seco e limpo,Santarém,Arruamento,Em bom estado,Bom tempo,Sentido único,Em rotunda,Dentro das localidades,Em pleno dia,Com marcas - separadoras de sentido de trânsito,Colisão com outras situações,NÃO DEFINIDO,Inexistentes,No sentido decrescente da quilometragem,Cedência de passagem,Inexistentes,Betuminoso,Curva,Em patamar,Berma pavimentada,Em plena via,Direita,Tarde,ligeiro,2010:07:30
50.0,Quarta-Feira ,Seco e limpo,Porto,Arruamento,Em estado regular,Bom tempo,Dois sentidos,Fora da intersecção,Dentro das localidades,Em pleno dia,Sem marcas rodoviárias ou pouco visíveis,Colisão frontal,NÃO DEFINIDO,Inexistentes,NÃO DEFINIDO,NÃO DEFINIDO,Desligada,Calçada,Curva,Com inclinação,Berma não pavimentada,Em plena via,Direita,Manha,ligeiro,2019:07:24
50.0,Segunda-Feira,Seco e limpo,Coimbra,EN - Estrada Nacional,Em bom estado,Bom tempo,Sentido único,Em rotunda,Dentro das localidades,Em pleno dia,Com marcas - separadoras de sentido de trânsito,Colisão lateral com outro veículo em movimento,NÃO DEFINIDO,Inexistentes,NÃO DEFINIDO,Cedência de passagem,Inexistentes,Betuminoso,Curva,Em patamar,Berma pavimentada,Em plena via,Direita,Manha,ligeiro,2015:07:06
50.0,Domingo      ,Seco e limpo,Porto,Arruamento,Em bom estado,Bom tempo,Sentido único,Em cruzamento,Dentro das localidades,"Noite, com iluminação",Com marcas - separadoras de sentido e de vias de trânsito,Atropelamento de peões,NÃO DEFINIDO,Inexistentes,NÃO DEFINIDO,Outros,Inexistentes,Betuminoso,Curva,Com inclinação,Sem berma ou impraticável,Em plena via,Direita,Madrugada,ligeiro,2015:07:12
50.0,Sexta-Feira  ,Seco e limpo,Faro,EM - Estrada Municipal,Em estado regular,Bom tempo,Dois sentidos,Em cruzamento,Fora das localidades,Em pleno dia,Sem marcas rodoviárias ou pouco visíveis,Colisão lateral com outro veículo em movimento,NÃO DEFINIDO,Inexistentes,NÃO DEFINIDO,Stop,Inexistentes,Betuminoso,Recta,Em patamar,Berma não pavimentada,Em plena via,Direita,Manha,ligeiro,2013:07:26
50.0,Sexta-Feira  ,Seco e limpo,Lisboa,Arruamento,Em estado regular,Bom tempo,Dois sentidos,Em entroncamento,Dentro das localidades,Em pleno dia,Com marcas - separadoras de sentido e de vias de trânsito,Colisão com outras situações,NÃO DEFINIDO,Inexistentes,NÃO DEFINIDO,Outros,Inexistentes,Betuminoso,Recta,Com inclinação,Berma pavimentada,Em plena via,Direita,Manha,ligeiro,2018:07:13
120.0,Terça-Feira  ,Seco e limpo,Beja,A  - Auto-Estrada,Em bom estado,Bom tempo,Sentido único,Fora da intersecção,Fora das localidades,Em pleno dia,Com marcas - separadoras de sentido e de vias de trânsito,Despiste com capotamento,NÃO DEFINIDO,Inexistentes,No sentido decrescente da quilometragem,Outros,Inexistentes,Betuminoso,Recta,Em patamar,Berma pavimentada,Em plena via,Direita,Tarde,ligeiro,2015:07:14
90.0,Domingo      ,Seco e limpo,Faro,EM - Estrada Municipal,Em bom estado,Bom tempo,Dois sentidos,Fora da intersecção,Fora das localidades,Em pleno dia,Com marcas - separadoras de sentido e de vias de trânsito,Despiste com capotamento,NÃO DEFINIDO,Inexistentes,NÃO DEFINIDO,NÃO DEFINIDO,Inexistentes,Betuminoso,Recta,Com inclinação,Berma não pavimentada,Na berma,Direita,Manha,ligeiro,2015:07:12
120.0,Quarta-Feira ,Seco e limpo,Porto,A  - Auto-Estrada,Em bom estado,Bom tempo,Sentido único,Fora da intersecção,Fora das localidades,Em pleno dia,Com marcas - separadoras de sentido e de vias de trânsito,Colisão lateral com outro veículo em movimento,NÃO DEFINIDO,Inexistentes,No sentido decrescente da quilometragem,Outros,Inexistentes,Betuminoso,Recta,Em patamar,Berma pavimentada,Em plena via,Direita,Tarde,ligeiro,2019:07:31
50.0,Terça-Feira  ,Com gravilha ou areia,Porto,Arruamento,Em estado regular,Bom tempo,Dois sentidos,Fora da intersecção,Dentro das localidades,"Noite, com iluminação",Sem marcas rodoviárias ou pouco visíveis,Despiste simples,NÃO DEFINIDO,Inexistentes,NÃO DEFINIDO,NÃO DEFINIDO,Inexistentes,Calçada,Recta,Em patamar,Sem berma ou impraticável,Em plena via,Direita,Noite,ligeiro,2010:07:06
120.0,Segunda-Feira,Seco e limpo,Porto,A  - Auto-Estrada,Em estado regular,Bom tempo,Sentido único,Fora da intersecção,Fora das localidades,Em pleno dia,Com marcas - separadoras de sentido e de vias de trânsito,Colisão traseira com outro veículo em movimento,NÃO DEFINIDO,Inexistentes,No sentido crescente da quilometragem,Outros,Inexistentes,Betuminoso,Recta,Em patamar,Berma pavimentada,Em plena via,Direita,Tarde,ligeiro,2017:07:03
50.0,Sexta-Feira  ,Seco e limpo,Braga,Arruamento,Em bom estado,Bom tempo,Sentido único,NÃO DEFINIDO,Dentro das localidades,"Noite, com iluminação",Com marcas - separadoras de sentido e de vias de trânsito,Despiste sem dispositivo de retenção,NÃO DEFINIDO,NÃO DEFINIDO,NÃO DEFINIDO,NÃO DEFINIDO,NÃO DEFINIDO,Betuminoso,Recta,Em patamar,Berma não pavimentada,NÃO DEFINIDO,Direita,Madrugada,ligeiro,2010:07:09
50.0,Domingo      ,Seco e limpo,Aveiro,Arruamento,Em bom estado,Bom tempo,Dois sentidos,Em rotunda,Dentro das localidades,Em pleno dia,Com marcas - separadoras de sentido de trânsito,Despiste com capotamento,NÃO DEFINIDO,Inexistentes,NÃO DEFINIDO,NÃO DEFINIDO,Inexistentes,Betuminoso,Curva,Em patamar,Berma pavimentada,Em plena via,Direita,Tarde,ligeiro,2010:07:04
90.0,Domingo      ,Seco e limpo,Guarda,EM - Estrada Municipal,Em bom estado,Bom tempo,Dois sentidos,Fora da intersecção,Fora das localidades,Em pleno dia,Com marcas - separadoras de sentido de trânsito,Despiste simples,NÃO DEFINIDO,Inexistentes,NÃO DEFINIDO,NÃO DEFINIDO,Inexistentes,Betuminoso,Recta,Em patamar,Sem berma ou impraticável,Na berma,Direita,Tarde,ligeiro,2012:07:29
120.0,Sexta-Feira  ,Seco e limpo,Setúbal,A  - Auto-Estrada,Em bom estado,Bom tempo,Sentido único,Fora da intersecção,Fora das localidades,Em pleno dia,Com marcas - separadoras de sentido de trânsito,Despiste com capotamento,NÃO DEFINIDO,Inexistentes,No sentido crescente da quilometragem,NÃO DEFINIDO,Inexistentes,Betuminoso,Recta,Em patamar,Berma pavimentada,Em plena via,Direita,Tarde,ligeiro,2016:07:29
50.0,Sexta-Feira  ,Seco e limpo,Porto,EN - Estrada Nacional,Em bom estado,Bom tempo,Dois sentidos,Fora da intersecção,Dentro das localidades,Em pleno dia,Com marcas - separadoras de sentido de trânsito,Colisão traseira com outro veículo em movimento,NÃO DEFINIDO,Inexistentes,NÃO DEFINIDO,NÃO DEFINIDO,Inexistentes,Betuminoso,Recta,Em patamar,Sem berma ou impraticável,Em plena via,Direita,Tarde,ligeiro,2015:07:24
50.0,Terça-Feira  ,Seco e limpo,Viseu,EN - Estrada Nacional,Em bom estado,Bom tempo,Dois sentidos,Fora da intersecção,Dentro das localidades,Em pleno dia,Com marcas - separadoras de sentido de trânsito,Despiste com colisão com veículo imobil. ou obstáculo,NÃO DEFINIDO,Inexistentes,NÃO DEFINIDO,Outros,Inexistentes,Betuminoso,Curva,Em patamar,Sem berma ou impraticável,Na berma,Direita,Manha,ligeiro,2012:07:10
90.0,Terça-Feira  ,Seco e limpo,Vila Real,EN - Estrada Nacional,Em estado regular,Bom tempo,Dois sentidos,Fora da intersecção,Fora das localidades,Em pleno dia,Com marcas - separadoras de sentido de trânsito,Colisão lateral com outro veículo em movimento,NÃO DEFINIDO,Inexistentes,NÃO DEFINIDO,NÃO DEFINIDO,Inexistentes,Betuminoso,Curva,Em patamar,Berma não pavimentada,Em plena via,Direita,Tarde,ligeiro,2018:07:03
50.0,Quinta-Feira ,Seco e limpo,Lisboa,Arruamento,Em bom estado,Bom tempo,Dois sentidos,Fora da intersecção,Dentro das localidades,Em pleno dia,Com marcas - separadoras de sentido e de vias de trânsito,Atropelamento de peões,NÃO DEFINIDO,Inexistentes,NÃO DEFINIDO,NÃO DEFINIDO,Inexistentes,Calçada,Recta,Em patamar,Sem berma ou impraticável,No passeio,Direita,Manha,ligeiro,2015:07:30
50.0,Terça-Feira  ,Seco e limpo,Lisboa,Arruamento,Em bom estado,Bom tempo,Dois sentidos,Fora da intersecção,Dentro das localidades,Em pleno dia,Com marcas - separadoras de sentido de trânsito,Colisão lateral com outro veículo em movimento,NÃO DEFINIDO,Inexistentes,NÃO DEFINIDO,NÃO DEFINIDO,A funcionar normalmente,Betuminoso,Recta,Em patamar,Berma pavimentada,Em plena via,Direita,Tarde,ligeiro,2011:07:05
50.0,Sexta-Feira  ,Húmido,Lisboa,Arruamento,Em estado regular,Bom tempo,Sentido único,Fora da intersecção,Dentro das localidades,Em pleno dia,Sem marcas rodoviárias ou pouco visíveis,Despiste com colisão com veículo imobil. ou obstáculo,NÃO DEFINIDO,Inexistentes,NÃO DEFINIDO,Outros,Inexistentes,Calçada,Recta,Em patamar,Sem berma ou impraticável,Em plena via,Direita,Tarde,ligeiro,2012:07:06
50.0,Quinta-Feira ,Seco e limpo,Lisboa,Arruamento,Em bom estado,Bom tempo,Sentido único,Fora da intersecção,Dentro das localidades,"Noite, com iluminação",Com marcas - separadoras de sentido de trânsito,Despiste sem dispositivo de retenção,NÃO DEFINIDO,Inexistentes,No sentido decrescente da quilometragem,Outros,Inexistentes,Betuminoso,Recta,Em patamar,Sem berma ou impraticável,Em plena via,Esquerda,Noite,ligeiro,2015:07:16
50.0,Segunda-Feira,Seco e limpo,Faro,Arruamento,Em bom estado,Bom tempo,Dois sentidos,Fora da intersecção,Dentro das localidades,Em pleno dia,Sem marcas rodoviárias ou pouco visíveis,Colisão com outras situações,NÃO DEFINIDO,Inexistentes,NÃO DEFINIDO,Outros,Inexistentes,Betuminoso,Recta,Em patamar,Berma pavimentada,Em plena via,Direita,Noite,ligeiro,2015:07:20
70.0,Quinta-Feira ,Seco e limpo,Faro,Outra Via,Em bom estado,Bom tempo,Reversível,Em ramo de ligação - saída,Fora das localidades,Em pleno dia,Com marcas - separadoras de sentido e de vias de trânsito,Colisão choque em cadeia,NÃO DEFINIDO,Inexistentes,No sentido crescente da quilometragem,Outros,Inexistentes,Betuminoso,Recta,Em patamar,Berma pavimentada,Em plena via,Direita,Noite,ligeiro,2015:07:23
90.0,Terça-Feira  ,Seco e limpo,Beja,EM - Estrada Municipal,Em bom estado,Bom tempo,Dois sentidos,Fora da intersecção,Fora das localidades,Em pleno dia,Sem marcas rodoviárias ou pouco visíveis,Despiste simples,NÃO DEFINIDO,Inexistentes,NÃO DEFINIDO,NÃO DEFINIDO,Inexistentes,Betuminoso,Curva,Em patamar,Sem berma ou impraticável,Em plena via,Direita,Manha,ligeiro,2018:07:31
50.0,Domingo      ,Seco e limpo,Lisboa,Arruamento,Em bom estado,Bom tempo,Dois sentidos,NÃO DEFINIDO,Dentro das localidades,Em pleno dia,Com marcas - separadoras de sentido e de vias de trânsito,Colisão com outras situações,NÃO DEFINIDO,Inexistentes,NÃO DEFINIDO,Outros,Inexistentes,Betuminoso,Recta,Em patamar,Berma pavimentada,Em plena via,Esquerda,Noite,ligeiro,2010:07:18
50.0,Quarta-Feira ,Seco e limpo,Lisboa,Arruamento,Em estado regular,Bom tempo,Dois sentidos,Fora da intersecção,Dentro das localidades,Em pleno dia,Com marcas - separadoras de sentido de trânsito,Atropelamento de peões,NÃO DEFINIDO,Inexistentes,NÃO DEFINIDO,Passagem de peões,Inexistentes,Betuminoso,Recta,Com inclinação,Berma pavimentada,Em plena via,Direita,Noite,grave,2015:07:22
50.0,Segunda-Feira,Seco e limpo,Porto,Arruamento,Em bom estado,Bom tempo,Sentido único,Em ramo de ligação - entrada,Dentro das localidades,Em pleno dia,Sem marcas rodoviárias ou pouco visíveis,Colisão frontal,NÃO DEFINIDO,Inexistentes,NÃO DEFINIDO,NÃO DEFINIDO,Inexistentes,Betuminoso,Curva,Com inclinação,Berma pavimentada,Em plena via,Direita,Tarde,ligeiro,2010:07:12
40.0,Quarta-Feira ,Seco e limpo,Porto,A  - Auto-Estrada,Em bom estado,Bom tempo,Sentido único,Fora da intersecção,Fora das localidades,Em pleno dia,Com marcas - separadoras de sentido e de vias de trânsito,Despiste com dispositivo de retenção,NÃO DEFINIDO,Inexistentes,No sentido decrescente da quilometragem,NÃO DEFINIDO,Inexistentes,Betuminoso,Recta,Em patamar,Berma pavimentada,Em plena via,Central,Manha,ligeiro,2014:07:09
60.0,Domingo      ,Seco e limpo,Aveiro,A  - Auto-Estrada,Em bom estado,Bom tempo,Sentido único,Fora da intersecção,Fora das localidades,Em pleno dia,Com marcas - separadoras de sentido de trânsito,Despiste simples,NÃO DEFINIDO,Inexistentes,No sentido crescente da quilometragem,Outros,Inexistentes,Betuminoso,Recta,Em patamar,Berma pavimentada,Em plena via,Direita,Manha,ligeiro,2018:07:29
50.0,Quinta-Feira ,Seco e limpo,Lisboa,Arruamento,Em bom estado,Bom tempo,Dois sentidos,Em entroncamento,Dentro das localidades,Em pleno dia,Com marcas - separadoras de sentido de trânsito,Atropelamento de peões,NÃO DEFINIDO,Inexistentes,NÃO DEFINIDO,NÃO DEFINIDO,Inexistentes,Betuminoso,Recta,Em patamar,Sem berma ou impraticável,Em plena via,Direita,Noite,ligeiro,2018:07:19
50.0,Quarta-Feira ,Seco e limpo,Aveiro,Arruamento,Em estado regular,Bom tempo,Dois sentidos,Em entroncamento,Dentro das localidades,Em pleno dia,Sem marcas rodoviárias ou pouco visíveis,Despiste simples,NÃO DEFINIDO,Inexistentes,NÃO DEFINIDO,NÃO DEFINIDO,Inexistentes,Betuminoso,Curva,Com inclinação,Sem berma ou impraticável,Em plena via,Direita,Manha,ligeiro,2018:07:25
50.0,Segunda-Feira,Seco e limpo,Braga,Arruamento,Em estado regular,Bom tempo,Dois sentidos,Fora da intersecção,Dentro das localidades,Em pleno dia,Com marcas - separadoras de sentido de trânsito,Colisão lateral com outro veículo em movimento,NÃO DEFINIDO,Inexistentes,NÃO DEFINIDO,Outros,Inexistentes,Betuminoso,Curva,Com inclinação,Sem berma ou impraticável,Em plena via,Direita,Noite,ligeiro,2012:07:30
30.0,Quarta-Feira ,Seco e limpo,Aveiro,Arruamento,Em estado regular,Bom tempo,Dois sentidos,Fora da intersecção,Dentro das localidades,"Noite, com iluminação",Sem marcas rodoviárias ou pouco visíveis,Despiste com capotamento,NÃO DEFINIDO,Inexistentes,NÃO DEFINIDO,Outros,Inexistentes,Betuminoso,Recta,Em Lomba,Berma pavimentada,Em plena via,Direita,Madrugada,grave,2016:07:20
50.0,Sexta-Feira  ,Seco e limpo,Setúbal,Arruamento,Em estado regular,Bom tempo,Dois sentidos,Em cruzamento,Dentro das localidades,"Noite, com iluminação",Com marcas - separadoras de sentido de trânsito,Colisão lateral com outro veículo em movimento,NÃO DEFINIDO,Correctamente sinalizados,NÃO DEFINIDO,Outros,A funcionar normalmente,Betuminoso,Recta,Em patamar,Berma pavimentada,Em plena via,Direita,Noite,ligeiro,2013:07:26
50.0,Segunda-Feira,Seco e limpo,Leiria,Arruamento,Em bom estado,Bom tempo,Dois sentidos,Fora da intersecção,Dentro das localidades,Em pleno dia,Sem marcas rodoviárias ou pouco visíveis,Atropelamento de peões,NÃO DEFINIDO,Inexistentes,NÃO DEFINIDO,NÃO DEFINIDO,Inexistentes,Betuminoso,Recta,Em patamar,Berma pavimentada,Em plena via,Direita,Noite,ligeiro,2017:07:03
60.0,Segunda-Feira,Seco e limpo,Leiria,EN - Estrada Nacional,Em estado regular,Bom tempo,Dois sentidos,Fora da intersecção,Fora das localidades,Em pleno dia,Com marcas - separadoras de sentido e de vias de trânsito,Colisão traseira com outro veículo em movimento,NÃO DEFINIDO,Correctamente sinalizados,No sentido decrescente da quilometragem,Outros,Inexistentes,Betuminoso,Recta,Em patamar,Sem berma ou impraticável,Em plena via,Direita,Tarde,ligeiro,2010:07:12
50.0,Sábado       ,Seco e limpo,Faro,Arruamento,Em bom estado,Bom tempo,Dois sentidos,Fora da intersecção,Dentro das localidades,Em pleno dia,Sem marcas rodoviárias ou pouco visíveis,Atropelamento de peões,NÃO DEFINIDO,Inexistentes,NÃO DEFINIDO,NÃO DEFINIDO,Inexistentes,Betuminoso,Curva,Com inclinação,Berma pavimentada,Em plena via,Direita,Manha,ligeiro,2016:07:23
50.0,Terça-Feira  ,Seco e limpo,Viseu,Arruamento,Em bom estado,Bom tempo,Dois sentidos,Fora da intersecção,Dentro das localidades,Em pleno dia,Com marcas - separadoras de sentido de trânsito,Colisão com fuga,NÃO DEFINIDO,Inexistentes,NÃO DEFINIDO,NÃO DEFINIDO,Inexistentes,Betuminoso,Recta,Em patamar,Berma não pavimentada,Em plena via,Direita,Tarde,ligeiro,2019:07:30
50.0,Segunda-Feira,Seco e limpo,Viana do Castelo,Arruamento,Em bom estado,Bom tempo,Dois sentidos,Fora da intersecção,Dentro das localidades,Em pleno dia,Sem marcas rodoviárias ou pouco visíveis,Atropelamento de peões,NÃO DEFINIDO,Inexistentes,NÃO DEFINIDO,NÃO DEFINIDO,Inexistentes,Betuminoso,Recta,Com inclinação,Berma não pavimentada,Em plena via,Direita,Tarde,ligeiro,2015:07:27
90.0,Segunda-Feira,Seco e limpo,Viseu,EN - Estrada Nacional,Em bom estado,Bom tempo,Dois sentidos,Fora da intersecção,Dentro das localidades,Em pleno dia,Sem marcas rodoviárias ou pouco visíveis,Colisão frontal,NÃO DEFINIDO,Inexistentes,NÃO DEFINIDO,NÃO DEFINIDO,Inexistentes,Betuminoso,Recta,Em patamar,Sem berma ou impraticável,Em plena via,Direita,Manha,ligeiro,2017:07:03
50.0,Quarta-Feira ,Seco e limpo,Lisboa,Arruamento,Em bom estado,Bom tempo,Dois sentidos,Em cruzamento,Dentro das localidades,Em pleno dia,Sem marcas rodoviárias ou pouco visíveis,Colisão lateral com outro veículo em movimento,NÃO DEFINIDO,Inexistentes,NÃO DEFINIDO,Stop,Inexistentes,Betuminoso,Recta,Com inclinação,Berma pavimentada,Em plena via,Direita,Tarde,ligeiro,2010:07:07
90.0,Quarta-Feira ,Seco e limpo,Setúbal,ER - Estrada Regional,Em bom estado,Bom tempo,Dois sentidos,Em entroncamento,Fora das localidades,Em pleno dia,Com marcas - separadoras de sentido de trânsito,Colisão lateral com outro veículo em movimento,NÃO DEFINIDO,Inexistentes,NÃO DEFINIDO,NÃO DEFINIDO,Inexistentes,Betuminoso,Recta,Em patamar,Sem berma ou impraticável,Em plena via,Direita,Manha,ligeiro,2011:07:27
50.0,Segunda-Feira,Seco e limpo,Lisboa,Arruamento,Em estado regular,Bom tempo,Sentido único,Fora da intersecção,Dentro das localidades,Em pleno dia,Com marcas - separadoras de sentido e de vias de trânsito,Despiste sem dispositivo de retenção,NÃO DEFINIDO,Inexistentes,NÃO DEFINIDO,Outros,Inexistentes,Betuminoso,Recta,Com inclinação,Berma pavimentada,Em plena via,Direita,Noite,ligeiro,2018:07:16
50.0,Quinta-Feira ,Seco e limpo,Braga,EN - Estrada Nacional,Em bom estado,Bom tempo,Dois sentidos,Em entroncamento,Dentro das localidades,Em pleno dia,Sem marcas rodoviárias ou pouco visíveis,Colisão lateral com outro veículo em movimento,NÃO DEFINIDO,Inexistentes,NÃO DEFINIDO,Stop,Inexistentes,Betuminoso,Recta,Em patamar,Berma pavimentada,Em plena via,Direita,Manha,ligeiro,2013:07:11
90.0,Quinta-Feira ,Seco e limpo,Castelo Branco,Outra Via,Em estado regular,Bom tempo,Dois sentidos,Fora da intersecção,Fora das localidades,"Noite, sem iluminação",Sem marcas rodoviárias ou pouco visíveis,Despiste simples,NÃO DEFINIDO,Inexistentes,NÃO DEFINIDO,NÃO DEFINIDO,Inexistentes,Betuminoso,Curva,Em patamar,Berma não pavimentada,Em plena via,Direita,Madrugada,ligeiro,2016:07:28
90.0,Terça-Feira  ,Seco e limpo,Porto,A  - Auto-Estrada,Em bom estado,Bom tempo,Sentido único,Fora da intersecção,Fora das localidades,"Noite, sem iluminação",Com marcas - separadoras de sentido e de vias de trânsito,Despiste com dispositivo de retenção,NÃO DEFINIDO,Inexistentes,No sentido decrescente da quilometragem,Outros,Inexistentes,Betuminoso,Curva,Com inclinação,Berma pavimentada,Na berma,Direita,Madrugada,ligeiro,2010:07:20
50.0,Segunda-Feira,Seco e limpo,Setúbal,EN - Estrada Nacional,Em bom estado,Bom tempo,Sentido único,Em rotunda,Dentro das localidades,Em pleno dia,Com marcas - separadoras de sentido e de vias de trânsito,Colisão lateral com outro veículo em movimento,NÃO DEFINIDO,Inexistentes,NÃO DEFINIDO,Cedência de passagem,Inexistentes,Betuminoso,Recta,Em patamar,Berma pavimentada,Em plena via,Direita,Manha,ligeiro,2014:07:28
50.0,Sexta-Feira  ,Seco e limpo,Lisboa,Arruamento,Em estado regular,Bom tempo,Dois sentidos,Em entroncamento,Dentro das localidades,Em pleno dia,Com marcas - separadoras de sentido e de vias de trânsito,Colisão lateral com outro veículo em movimento,NÃO DEFINIDO,Inexistentes,NÃO DEFINIDO,Outros,A funcionar normalmente,Betuminoso,Recta,Em patamar,Berma pavimentada,Em plena via,Direita,Tarde,ligeiro,2019:07:19
50.0,Sábado       ,Seco e limpo,Aveiro,EM - Estrada Municipal,Em bom estado,Bom tempo,Sentido único,Fora da intersecção,Fora das localidades,Em pleno dia,Sem marcas rodoviárias ou pouco visíveis,Despiste simples,NÃO DEFINIDO,Inexistentes,NÃO DEFINIDO,NÃO DEFINIDO,Inexistentes,Terra batida,Recta,Em patamar,Sem berma ou impraticável,Em plena via,Direita,Noite,ligeiro,2018:07:07
80.0,Sábado       ,Seco e limpo,Setúbal,Outra Via,Em bom estado,Bom tempo,Sentido único,Fora da intersecção,Fora das localidades,Em pleno dia,Com marcas - separadoras de sentido e de vias de trânsito,Colisão traseira com outro veículo em movimento,NÃO DEFINIDO,Inexistentes,No sentido decrescente da quilometragem,NÃO DEFINIDO,Inexistentes,Betuminoso,Curva,Com inclinação,Berma pavimentada,Em plena via,Esquerda,Manha,ligeiro,2013:07:06
120.0,Segunda-Feira,Seco e limpo,Porto,A  - Auto-Estrada,Em estado regular,Bom tempo,Sentido único,Fora da intersecção,Fora das localidades,Em pleno dia,Com marcas - separadoras de sentido e de vias de trânsito,Colisão choque em cadeia,NÃO DEFINIDO,Inexistentes,No sentido decrescente da quilometragem,NÃO DEFINIDO,Inexistentes,Betuminoso,Recta,Em patamar,Sem berma ou impraticável,Em plena via,Esquerda,Manha,ligeiro,2015:07:20
120.0,Segunda-Feira,Seco e limpo,Lisboa,A  - Auto-Estrada,Em bom estado,Bom tempo,Sentido único,Fora da intersecção,Fora das localidades,Em pleno dia,Com marcas - separadoras de sentido e de vias de trânsito,Colisão com veiculo ou obstáculo na faixa de rodagem,NÃO DEFINIDO,Inexistentes,No sentido decrescente da quilometragem,NÃO DEFINIDO,Inexistentes,Betuminoso,Recta,Em patamar,Berma pavimentada,Em plena via,Esquerda,Manha,ligeiro,2014:07:07
50.0,Sábado       ,Seco e limpo,Leiria,IC - Itinerário Complementar,Em estado regular,Bom tempo,Dois sentidos,Fora da intersecção,Dentro das localidades,Em pleno dia,Com marcas - separadoras de sentido de trânsito,Despiste simples,NÃO DEFINIDO,Inexistentes,NÃO DEFINIDO,NÃO DEFINIDO,Inexistentes,Betuminoso,Recta,Em patamar,Berma pavimentada,Na berma,Direita,Tarde,ligeiro,2019:07:27
50.0,Sábado       ,Seco e limpo,Santarém,Outra Via,Em bom estado,Bom tempo,Dois sentidos,Fora da intersecção,Dentro das localidades,Em pleno dia,Sem marcas rodoviárias ou pouco visíveis,Despiste com colisão com veículo imobil. ou obstáculo,NÃO DEFINIDO,Inexistentes,NÃO DEFINIDO,NÃO DEFINIDO,Inexistentes,Betuminoso,Recta,Em patamar,Berma não pavimentada,Na berma,Direita,Tarde,grave,2015:07:18
50.0,Quinta-Feira ,Seco e limpo,Porto,Arruamento,Em bom estado,Bom tempo,Dois sentidos,Fora da intersecção,Dentro das localidades,"Noite, com iluminação",Com marcas - separadoras de sentido de trânsito,Colisão com outras situações,NÃO DEFINIDO,Inexistentes,NÃO DEFINIDO,Stop,Inexistentes,Betuminoso,Recta,Em patamar,Berma pavimentada,Em plena via,Direita,Madrugada,ligeiro,2016:07:07
90.0,Sexta-Feira  ,Húmido,Aveiro,EN - Estrada Nacional,Em estado regular,Chuva,Dois sentidos,Em cruzamento,Fora das localidades,Em pleno dia,Com marcas - separadoras de sentido de trânsito,Colisão lateral com outro veículo em movimento,NÃO DEFINIDO,Inexistentes,NÃO DEFINIDO,Outros,Inexistentes,Betuminoso,Recta,Em patamar,Berma pavimentada,Em plena via,Direita,Manha,ligeiro,2014:07:04
50.0,Quinta-Feira ,Seco e limpo,Setúbal,Arruamento,Em estado regular,Bom tempo,Sentido único,Fora da intersecção,Dentro das localidades,Em pleno dia,Com marcas - separadoras de sentido e de vias de trânsito,Atropelamento de peões,NÃO DEFINIDO,Inexistentes,NÃO DEFINIDO,Outros,Inexistentes,Betuminoso,Recta,Em patamar,Berma pavimentada,Em via ou pista reservada,Direita,Noite,ligeiro,2016:07:21
90.0,Domingo      ,Seco e limpo,Portalegre,EN - Estrada Nacional,Em bom estado,Bom tempo,Dois sentidos,Fora da intersecção,Fora das localidades,Em pleno dia,Com marcas - separadoras de sentido de trânsito,Despiste com colisão com veículo imobil. ou obstáculo,NÃO DEFINIDO,Inexistentes,NÃO DEFINIDO,Proibição de ultrapassagem,Inexistentes,Betuminoso,Curva,Em patamar,Berma pavimentada,Em plena via,Direita,Tarde,ligeiro,2012:07:01
50.0,Segunda-Feira,Seco e limpo,Setúbal,Arruamento,Em estado regular,Bom tempo,Dois sentidos,Fora da intersecção,Dentro das localidades,Em pleno dia,Com marcas - separadoras de sentido de trânsito,Colisão frontal,NÃO DEFINIDO,Inexistentes,NÃO DEFINIDO,NÃO DEFINIDO,Inexistentes,Betuminoso,Recta,Em patamar,Sem berma ou impraticável,Em plena via,Direita,Manha,ligeiro,2017:07:17