Velocidade local,Dia da Semana,Cond Aderência,Distrito,Tipos Vias,Estado Conservação,Factores Atmosféricos,Reg Circulação1,Intersecção Vias,Localizações,Luminosidade,Marca Via,Natureza,Obras Arte,Obstáculos,Sentidos,Sinais,Sinais Luminosos,Tipo Piso,Traçado 1,Traçado 2,Traçado 3,Traçado 4,Via Trânsito,Periodo do Dia,Tipo de Acidente,Data
50.0,Quarta-Feira ,Húmido,Porto,Arruamento,Em bom estado,Chuva,Dois sentidos,Fora da intersecção,Dentro das localidades,Em pleno dia,Sem marcas rodoviárias ou pouco visíveis,Despiste simples,NÃO DEFINIDO,Inexistentes,NÃO DEFINIDO,NÃO DEFINIDO,Inexistentes,Betuminoso,Curva,Em patamar,Sem berma ou impraticável,Em plena via,Direita,Tarde,ligeiro,2017:08:30
50.0,Sábado       ,Seco e limpo,Viana do Castelo,EN - Estrada Nacional,Em estado regular,Bom tempo,Dois sentidos,Fora da intersecção,Dentro das localidades,Em pleno dia,Com marcas - separadoras de sentido de trânsito,Colisão lateral com outro veículo em movimento,NÃO DEFINIDO,Inexistentes,NÃO DEFINIDO,Proibição de ultrapassagem,A funcionar normalmente,Betuminoso,Recta,Em patamar,Berma pavimentada,Em plena via,Direita,Tarde,ligeiro,2019:08:03
50.0,Quinta-Feira ,Seco e limpo,Porto,Arruamento,Em bom estado,Bom tempo,Sentido único,Fora da intersecção,Dentro das localidades,Em pleno dia,Sem marcas rodoviárias ou pouco visíveis,Despiste sem dispositivo de retenção,NÃO DEFINIDO,Inexistentes,NÃO DEFINIDO,Outros,Inexistentes,Betuminoso,Curva,Com inclinação,Sem berma ou impraticável,Em plena via,Direita,Noite,ligeiro,2013:08:01
50.0,Terça-Feira  ,Seco e limpo,Porto,EN - Estrada Nacional,Em bom estado,Bom tempo,Dois sentidos,Em cruzamento,Dentro das localidades,"Noite, com iluminação",Com marcas - separadoras de sentido e de vias de trânsito,Colisão lateral com outro veículo em movimento,NÃO DEFINIDO,Inexistentes,NÃO DEFINIDO,Cedência de passagem,A funcionar normalmente,Betuminoso,Recta,Em patamar,Sem berma ou impraticável,Em plena via,Direita,Noite,ligeiro,2013:08:06
90.0,Sábado       ,Seco e limpo,Viana do Castelo,EN - Estrada Nacional,Em estado regular,Bom tempo,Dois sentidos,Em entroncamento,Fora das localidades,Em pleno dia,Com marcas - separadoras de sentido e de vias de trânsito,Despiste com capotamento,NÃO DEFINIDO,Inexistentes,NÃO DEFINIDO,Outros,Inexistentes,Betuminoso,Recta,Com inclinação,Berma pavimentada,Na berma,Direita,Manha,ligeiro,2016:08:27
90.0,Quarta-Feira ,Seco e limpo,Setúbal,EN - Estrada Nacional,Em bom estado,Bom tempo,Dois sentidos,Fora da intersecção,Fora das localidades,Em pleno dia,Com marcas - separadoras de sentido e de vias de trânsito,Colisão lateral com outro veículo em movimento,NÃO DEFINIDO,Inexistentes,No sentido decrescente da quilometragem,Outros,Inexistentes,Betuminoso,Recta,Com inclinação,Berma pavimentada,Em plena via,Direita,Tarde,ligeiro,2011:08:10
50.0,Quinta-Feira ,Com gravilha ou areia,Leiria,Arruamento,Em estado regular,Chuva,Sentido único,Em rotunda,Dentro das localidades,Em pleno dia,Sem marcas rodoviárias ou pouco visíveis,Despiste sem dispositivo de retenção,NÃO DEFINIDO,Inexistentes,NÃO DEFINIDO,Cedência de passagem,Inexistentes,Betuminoso,Curva,Em patamar,Sem berma ou impraticável,Em plena via,Direita,Manha,ligeiro,2016:08:04
90.0,Sábado       ,Seco e limpo,Faro,Outra Via,Em estado regular,Bom tempo,Dois sentidos,Fora da intersecção,Fora das localidades,Em pleno dia,Com marcas - separadoras de sentido e de vias de trânsito,Despiste simples,NÃO DEFINIDO,Inexistentes,NÃO DEFINIDO,NÃO DEFINIDO,Inexistentes,Betuminoso,Curva,Em patamar,Berma não pavimentada,Na berma,Direita,Noite,grave,2019:08:17
50.0,Quarta-Feira ,Molhado,Porto,Arruamento,Em estado regular,Chuva,Sentido único,Fora da intersecção,Dentro das localidades,"Noite, com iluminação",Com marcas - separadoras de sentido e de vias de trânsito,Colisão com outras situações,NÃO DEFINIDO,Inexistentes,NÃO DEFINIDO,NÃO DEFINIDO,Inexistentes,Calçada,Recta,Em patamar,Berma pavimentada,Em plena via,Direita,Noite,ligeiro,2019:08:07
50.0,Domingo      ,Seco e limpo,Leiria,Arruamento,Em bom estado,Bom tempo,Dois sentidos,Fora da intersecção,Dentro das localidades,Sol escandeante,Com marcas - separadoras de sentido de trânsito,Atropelamento de peões,NÃO DEFINIDO,Inexistentes,NÃO DEFINIDO,Passagem de peões,Inexistentes,Betuminoso,Recta,Em patamar,Sem berma ou impraticável,Em plena via,Direita,Noite,ligeiro,2017:08:06
50.0,Domingo      ,Húmido,Porto,EN - Estrada Nacional,Em estado regular,Chuva,Dois sentidos,Fora da intersecção,Dentro das localidades,Em pleno dia,Com marcas - separadoras de sentido e de vias de trânsito,Despiste com capotamento,NÃO DEFINIDO,Inexistentes,NÃO DEFINIDO,NÃO DEFINIDO,Inexistentes,Betuminoso,Curva,Com inclinação,Sem berma ou impraticável,Em plena via,Direita,Manha,ligeiro,2019:08:04
50.0,Sábado       ,Seco e limpo,Lisboa,Arruamento,Em estado regular,Bom tempo,Dois sentidos,Em entroncamento,Dentro das localidades,Em pleno dia,Com marcas - separadoras de sentido e de vias de trânsito,Despiste sem dispositivo de retenção,NÃO DEFINIDO,Inexistentes,NÃO DEFINIDO,Stop,Inexistentes,Betuminoso,Curva,Em patamar,Berma pavimentada,Em plena via,Direita,Tarde,ligeiro,2015:08:29
50.0,Sábado       ,Seco e limpo,Leiria,EN - Estrada Nacional,Em bom estado,Bom tempo,Dois sentidos,Fora da intersecção,Dentro das localidades,"Noite, com iluminação",Com marcas - separadoras de sentido de trânsito,Colisão com outras situações,NÃO DEFINIDO,Inexistentes,NÃO DEFINIDO,Outros,Inexistentes,Betuminoso,Recta,Em patamar,Berma não pavimentada,Na berma,Direita,Madrugada,ligeiro,2010:08:14
50.0,Domingo      ,Seco e limpo,Porto,EN - Estrada Nacional,Em estado regular,Nevoeiro,Dois sentidos,Fora da intersecção,Dentro das localidades,"Noite, com iluminação",Com marcas - separadoras de sentido de trânsito,Despiste simples,NÃO DEFINIDO,Inexistentes,No sentido decrescente da quilometragem,Outros,Inexistentes,Betuminoso,Recta,Em patamar,Berma pavimentada,Na berma,Direita,Madrugada,ligeiro,2018:08:12
20.0,Sexta-Feira  ,Seco e limpo,Porto,Arruamento,Em estado regular,Bom tempo,Sentido único,Fora da intersecção,Dentro das localidades,Em pleno dia,Sem marcas rodoviárias ou pouco visíveis,Atropelamento com fuga,NÃO DEFINIDO,Inexistentes,NÃO DEFINIDO,NÃO DEFINIDO,Inexistentes,Betão de cimento,Curva,Com inclinação,Berma não pavimentada,No passeio,Direita,Tarde,ligeiro,2015:08:14
50.0,Sexta-Feira  ,Seco e limpo,Porto,Arruamento,Em bom estado,Bom tempo,Dois sentidos,Em cruzamento,Dentro das localidades,Em pleno dia,Sem marcas rodoviárias ou pouco visíveis,Colisão frontal,NÃO DEFINIDO,Inexistentes,NÃO DEFINIDO,Stop,Inexistentes,Betuminoso,Recta,Em patamar,Berma pavimentada,Em plena via,Direita,Manha,ligeiro,2010:08:20
50.0,Segunda-Feira,Seco e limpo,Braga,EM - Estrada Municipal,Em bom estado,Bom tempo,Dois sentidos,Fora da intersecção,Dentro das localidades,Em pleno dia,Sem marcas rodoviárias ou pouco visíveis,Despiste simples,NÃO DEFINIDO,Inexistentes,NÃO DEFINIDO,Outros,Inexistentes,Betuminoso,Curva,Em patamar,Sem berma ou impraticável,Na berma,Direita,Noite,ligeiro,2011:08:29
50.0,Domingo      ,Seco e limpo,Braga,EN - Estrada Nacional,Em estado regular,Bom tempo,Dois sentidos,Fora da intersecção,Dentro das localidades,Em pleno dia,Com marcas - separadoras de sentido de trânsito,Colisão lateral com outro veículo em movimento,NÃO DEFINIDO,Inexistentes,NÃO DEFINIDO,Outros,Inexistentes,Betuminoso,Recta,Com inclinação,Sem berma ou impraticável,Em plena via,Direita,Tarde,ligeiro,2011:08:21
70.0,Quarta-Feira ,Seco e limpo,Faro,EN - Estrada Nacional,Em bom estado,Bom tempo,Dois sentidos,Em cruzamento,Fora das localidades,Em pleno dia,Com marcas - separadoras de sentido e de vias de trânsito,Colisão lateral com outro veículo em movimento,NÃO DEFINIDO,Inexistentes,NÃO DEFINIDO,Stop,Inexistentes,Betuminoso,Recta,Com inclinação,Berma pavimentada,Em plena via,Direita,Tarde,ligeiro,2010:08:11
50.0,Quinta-Feira ,Molhado,Braga,Arruamento,Em bom estado,Chuva,Sentido único,Fora da intersecção,Dentro das localidades,Em pleno dia,Com marcas - separadoras de sentido e de vias de trânsito,Colisão lateral com outro veículo em movimento,NÃO DEFINIDO,Inexistentes,NÃO DEFINIDO,Outros,Inexistentes,Betuminoso,Curva,Em patamar,Berma pavimentada,Em plena via,Direita,Tarde,grave,2015:08:13
100.0,Segunda-Feira,Seco e limpo,Porto,A  - Auto-Estrada,Em bom estado,Bom tempo,Sentido único,Fora da intersecção,Fora das localidades,"Noite, sem iluminação",Com marcas - separadoras de sentido e de vias de trânsito,Colisão traseira com outro veículo em movimento,NÃO DEFINIDO,Inexistentes,No sentido crescente da quilometragem,Outros,Inexistentes,Betuminoso,Recta,Em patamar,Berma pavimentada,Em plena via,Central,Madrugada,ligeiro,2012:08:20
50.0,Sexta-Feira  ,Seco e limpo,Porto,Arruamento,Em bom estado,Bom tempo,Dois sentidos,Em entroncamento,Dentro das localidades,Em pleno dia,Sem marcas rodoviárias ou pouco visíveis,Colisão lateral com outro veículo em movimento,NÃO DEFINIDO,Inexistentes,NÃO DEFINIDO,Stop,Inexistentes,Betuminoso,Recta,Em patamar,Sem berma ou impraticável,Em plena via,Direita,Tarde,ligeiro,2018:08:24
50.0,Sábado       ,Seco e limpo,Lisboa,Arruamento,Em estado regular,Bom tempo,Dois sentidos,Fora da intersecção,Dentro das localidades,Aurora ou crepúsculo,Sem marcas rodoviárias ou pouco visíveis,Despiste sem dispositivo de retenção,NÃO DEFINIDO,Inexistentes,NÃO DEFINIDO,Outros,Inexistentes,Betuminoso,Recta,Com inclinação,Sem berma ou impraticável,Em plena via,Direita,Manha,ligeiro,2016:08:06
90.0,Sexta-Feira  ,Seco e limpo,Faro,EN - Estrada Nacional,Em bom estado,Bom tempo,Dois sentidos,Fora da intersecção,Fora das localidades,"Noite, sem iluminação",Sem marcas rodoviárias ou pouco visíveis,Despiste simples,NÃO DEFINIDO,Correctamente sinalizados,NÃO DEFINIDO,Outros,Inexistentes,Betuminoso,Curva,Em patamar,Berma pavimentada,Em plena via,Direita,Madrugada,grave,2019:08:16
50.0,Sábado       ,Seco e limpo,Viana do Castelo,EN - Estrada Nacional,Em bom estado,Bom tempo,Dois sentidos,Fora da intersecção,Dentro das localidades,Em pleno dia,Com marcas - separadoras de sentido de trânsito,Colisão traseira com outro veículo em movimento,NÃO DEFINIDO,Inexistentes,NÃO DEFINIDO,Stop,Inexistentes,Betuminoso,Recta,Em patamar,Berma não pavimentada,Em plena via,Direita,Tarde,ligeiro,2011:08:13
80.0,Sábado       ,Seco e limpo,Lisboa,IP- Itinerário Principal,Em estado regular,Bom tempo,Sentido único,Fora da intersecção,Dentro das localidades,"Noite, com iluminação",Com marcas - separadoras de sentido e de vias de trânsito,Despiste com dispositivo de retenção,NÃO DEFINIDO,Inexistentes,No sentido crescente da quilometragem,NÃO DEFINIDO,Inexistentes,Betuminoso,Recta,Em patamar,Berma pavimentada,Em plena via,Direita,Madrugada,ligeiro,2019:08:31
50.0,Quinta-Feira ,Seco e limpo,Leiria,Arruamento,Em estado regular,Bom tempo,Sentido único,Fora da intersecção,Dentro das localidades,Em pleno dia,Sem marcas rodoviárias ou pouco visíveis,Colisão com outras situações,NÃO DEFINIDO,Inexistentes,NÃO DEFINIDO,NÃO DEFINIDO,Inexistentes,Betuminoso,Recta,Em patamar,Berma pavimentada,Em plena via,Direita,Tarde,ligeiro,2019:08:29
50.0,Quinta-Feira ,Seco e limpo,Setúbal,EM - Estrada Municipal,Em bom estado,Bom tempo,Dois sentidos,Em entroncamento,Fora das localidades,Em pleno dia,Com marcas - separadoras de sentido de trânsito,Colisão lateral com outro veículo em movimento,NÃO DEFINIDO,Inexistentes,NÃO DEFINIDO,Stop,Inexistentes,Betuminoso,Recta,Em patamar,Sem berma ou impraticável,Em plena via,Direita,Tarde,ligeiro,2017:08:10
50.0,Domingo      ,Seco e limpo,Porto,EN - Estrada Nacional,Em estado regular,Bom tempo,Dois sentidos,Fora da intersecção,Dentro das localidades,Em pleno dia,Com marcas - separadoras de sentido de trânsito,Despiste simples,NÃO DEFINIDO,Inexistentes,NÃO DEFINIDO,NÃO DEFINIDO,Inexistentes,Betuminoso,Curva,Em patamar,Sem berma ou impraticável,Em plena via,Direita,Noite,ligeiro,2018:08:05
80.0,Sexta-Feira  ,Seco e limpo,Lisboa,A  - Auto-Estrada,Em estado regular,Bom tempo,Dois sentidos,Fora da intersecção,Fora das localidades,Em pleno dia,Com marcas - separadoras de sentido e de vias de trânsito,Colisão choque em cadeia,Viaduto/Ponte,Inexistentes,No sentido decrescente da quilometragem,NÃO DEFINIDO,Inexistentes,Betuminoso,Recta,Em patamar,Sem berma ou impraticável,Em plena via,Esquerda,Tarde,ligeiro,2013:08:23
50.0,Quinta-Feira ,Com gravilha ou areia,Portalegre,Arruamento,Em estado regular,Bom tempo,Dois sentidos,Em entroncamento,Dentro das localidades,Em pleno dia,Sem marcas rodoviárias ou pouco visíveis,Despiste sem dispositivo de retenção,NÃO DEFINIDO,Inexistentes,NÃO DEFINIDO,NÃO DEFINIDO,Inexistentes,Betuminoso,Recta,Em patamar,Berma pavimentada,Em plena via,Direita,Manha,ligeiro,2016:08:11
50.0,Segunda-Feira,Húmido,Lisboa,Arruamento,Em estado regular,Bom tempo,Dois sentidos,NÃO DEFINIDO,Dentro das localidades,"Noite, com iluminação",Sem marcas rodoviárias ou pouco visíveis,Despiste com colisão com veículo imobil. ou obstáculo,NÃO DEFINIDO,Inexistentes,NÃO DEFINIDO,NÃO DEFINIDO,Inexistentes,Betuminoso,Curva,Em patamar,Sem berma ou impraticável,Em plena via,Direita,Madrugada,ligeiro,2010:08:02
50.0,Sábado       ,Seco e limpo,Vila Real,Arruamento,Em bom estado,Bom tempo,Dois sentidos,Fora da intersecção,Dentro das localidades,Em pleno dia,Sem marcas rodoviárias ou pouco visíveis,Atropelamento de animais,NÃO DEFINIDO,Inexistentes,NÃO DEFINIDO,NÃO DEFINIDO,Inexistentes,Betuminoso,Recta,Com inclinação,Sem berma ou impraticável,Em plena via,Direita,Manha,ligeiro,2016:08:13
50.0,Segunda-Feira,Seco e limpo,Aveiro,Arruamento,Em estado regular,Bom tempo,Sentido único,Em entroncamento,Dentro das localidades,Em pleno dia,Sem marcas rodoviárias ou pouco visíveis,Colisão lateral com outro veículo em movimento,NÃO DEFINIDO,Inexistentes,NÃO DEFINIDO,Stop,Inexistentes,Calçada,Recta,Em patamar,Berma pavimentada,Em plena via,Direita,Manha,ligeiro,2017:08:28
50.0,Quarta-Feira ,Seco e limpo,Coimbra,Arruamento,Em bom estado,Bom tempo,Dois sentidos,Em entroncamento,Dentro das localidades,"Noite, sem iluminação",Sem marcas rodoviárias ou pouco visíveis,Colisão lateral com outro veículo em movimento,NÃO DEFINIDO,Inexistentes,NÃO DEFINIDO,NÃO DEFINIDO,Inexistentes,Betuminoso,Recta,Em patamar,Berma pavimentada,Em plena via,Direita,Noite,ligeiro,2017:08:23
50.0,Quarta-Feira ,Seco e limpo,Braga,EN - Estrada Nacional,Em estado regular,Bom tempo,Dois sentidos,Fora da intersecção,Dentro das localidades,Em pleno dia,Com marcas - separadoras de sentido e de vias de trânsito,Colisão com veiculo ou obstáculo na faixa de rodagem,NÃO DEFINIDO,Inexistentes,NÃO DEFINIDO,Outros,Inexistentes,Betuminoso,Recta,Em patamar,Berma pavimentada,Em plena via,Direita,Noite,ligeiro,2014:08:06
90.0,Sexta-Feira  ,Seco e limpo,Coimbra,VAR - Variante,Em bom estado,Bom tempo,Dois sentidos,Fora da intersecção,Fora das localidades,Em pleno dia,Com marcas - separadoras de sentido de trânsito,Despiste com colisão com veículo imobil. ou obstáculo,NÃO DEFINIDO,Inexistentes,NÃO DEFINIDO,NÃO DEFINIDO,Inexistentes,Betuminoso,Recta,Em patamar,Berma pavimentada,Em plena via,Direita,Tarde,ligeiro,2019:08:02
50.0,Sexta-Feira  ,Seco e limpo,Castelo Branco,Arruamento,Em bom estado,Bom tempo,Dois sentidos,Em cruzamento,Dentro das localidades,Em pleno dia,Com marcas - separadoras de sentido e de vias de trânsito,Colisão lateral com outro veículo em movimento,NÃO DEFINIDO,Inexistentes,NÃO DEFINIDO,Cedência de passagem,Inexistentes,Betuminoso,Recta,Em patamar,Berma pavimentada,Em plena via,Direita,Manha,ligeiro,2016:08:19
50.0,Domingo      ,Seco e limpo,Porto,Arruamento,Em estado regular,Bom tempo,Dois sentidos,Fora da intersecção,Dentro das localidades,Em pleno dia,Sem marcas rodoviárias ou pouco visíveis,Despiste simples,NÃO DEFINIDO,Inexistentes,NÃO DEFINIDO,NÃO DEFINIDO,Desligada,Calçada,Recta,Em patamar,Sem berma ou impraticável,Em plena via,Direita,Tarde,ligeiro,2014:08:03
90.0,Quarta-Feira ,Seco e limpo,Setúbal,EN - Estrada Nacional,Em bom estado,Bom tempo,Dois sentidos,Fora da intersecção,Fora das localidades,Em pleno dia,Com marcas - separadoras de sentido de trânsito,Despiste simples,NÃO DEFINIDO,Inexistentes,NÃO DEFINIDO,Proibição de ultrapassagem,Inexistentes,Betuminoso,Recta,Com inclinação,Sem berma ou impraticável,Em plena via,Direita,Manha,ligeiro,2013:08:14
50.0,Sexta-Feira  ,Seco e limpo,Beja,EN - Estrada Nacional,Em bom estado,Bom tempo,Sentido único,Em rotunda,Dentro das localidades,Em pleno dia,Sem marcas rodoviárias ou pouco visíveis,Colisão com outras situações,NÃO DEFINIDO,Inexistentes,NÃO DEFINIDO,Outros,Inexistentes,Betuminoso,Recta,Em patamar,Sem berma ou impraticável,Em plena via,Direita,Tarde,ligeiro,2011:08:19
90.0,Quarta-Feira ,Seco e limpo,Setúbal,Arruamento,Em estado regular,Bom tempo,Dois sentidos,Em cruzamento,Dentro das localidades,Em pleno dia,Sem marcas rodoviárias ou pouco visíveis,Colisão frontal,NÃO DEFINIDO,Inexistentes,NÃO DEFINIDO,NÃO DEFINIDO,Inexistentes,Betão de cimento,Curva,Em patamar,Sem berma ou impraticável,Em plena via,Direita,Noite,ligeiro,2012:08:08
50.0,Sábado       ,Com gravilha ou areia,Faro,Outra Via,Em mau estado,Bom tempo,Dois sentidos,Fora da intersecção,Fora das localidades,Em pleno dia,Sem marcas rodoviárias ou pouco visíveis,Colisão frontal,NÃO DEFINIDO,Inexistentes,NÃO DEFINIDO,NÃO DEFINIDO,Inexistentes,Terra batida,Curva,Em patamar,Sem berma ou impraticável,Em plena via,Direita,Manha,grave,2017:08:12
90.0,Sexta-Feira  ,Húmido,Évora,EN - Estrada Nacional,Em bom estado,Chuva,Dois sentidos,Fora da intersecção,Fora das localidades,Em pleno dia,Com marcas - separadoras de sentido de trânsito,Colisão lateral com outro veículo em movimento,NÃO DEFINIDO,Inexistentes,NÃO DEFINIDO,NÃO DEFINIDO,Inexistentes,Betuminoso,Recta,Em patamar,Berma não pavimentada,Em plena via,Direita,Tarde,ligeiro,2019:08:09
50.0,Terça-Feira  ,Seco e limpo,Guarda,Arruamento,Em estado regular,Bom tempo,Dois sentidos,Fora da intersecção,Dentro das localidades,"Noite, com iluminação",Com marcas - separadoras de sentido de trânsito,Colisão frontal,NÃO DEFINIDO,Inexistentes,NÃO DEFINIDO,NÃO DEFINIDO,Inexistentes,Betuminoso,Recta,Com inclinação,Berma pavimentada,Em plena via,Direita,Noite,ligeiro,2011:08:23
50.0,Quinta-Feira ,Seco e limpo,Braga,Arruamento,Em mau estado,Bom tempo,Dois sentidos,Fora da intersecção,Dentro das localidades,"Noite, com iluminação",Sem marcas rodoviárias ou pouco visíveis,Despiste simples,NÃO DEFINIDO,Inexistentes,NÃO DEFINIDO,NÃO DEFINIDO,Inexistentes,Betão de cimento,Recta,Em patamar,Sem berma ou impraticável,Em plena via,Direita,Noite,ligeiro,2013:08:29
50.0,Sábado       ,Seco e limpo,Viana do Castelo,EN - Estrada Nacional,Em bom estado,Bom tempo,Dois sentidos,Fora da intersecção,Dentro das localidades,Em pleno dia,Com marcas - separadoras de sentido de trânsito,Colisão traseira com outro veículo em movimento,NÃO DEFINIDO,Inexistentes,NÃO DEFINIDO,NÃO DEFINIDO,Inexistentes,Betuminoso,Recta,Em patamar,Berma pavimentada,Em plena via,Direita,Tarde,ligeiro,2012:08:18
50.0,Sexta-Feira  ,Húmido,Porto,Arruamento,Em estado regular,Bom tempo,Dois sentidos,Fora da intersecção,Dentro das localidades,Em pleno dia,Com marcas - separadoras de sentido de trânsito,Atropelamento de peões,NÃO DEFINIDO,NÃO DEFINIDO,NÃO DEFINIDO,NÃO DEFINIDO,A funcionar normalmente,Betuminoso,Recta,Em patamar,Berma pavimentada,Em plena via,Direita,Manha,ligeiro,2010:08:13
50.0,Quarta-Feira ,Seco e limpo,Braga,Arruamento,Em estado regular,Bom tempo,Sentido único,Fora da intersecção,Dentro das localidades,Em pleno dia,Com marcas - separadoras de sentido de trânsito,Atropelamento de peões,NÃO DEFINIDO,Inexistentes,NÃO DEFINIDO,NÃO DEFINIDO,Inexistentes,Betuminoso,Recta,Em patamar,Berma pavimentada,Em plena via,Direita,Tarde,ligeiro,2019:08:21
50.0,Sexta-Feira  ,Com óleo,Lisboa,EN - Estrada Nacional,Em estado regular,Chuva,Dois sentidos,Fora da intersecção,Dentro das localidades,Em pleno dia,Com marcas - separadoras de sentido de trânsito,Despiste com capotamento,NÃO DEFINIDO,Inexistentes,NÃO DEFINIDO,NÃO DEFINIDO,Inexistentes,Betuminoso,Curva,Com inclinação,Sem berma ou impraticável,Em plena via,Direita,Manha,ligeiro,2019:08:09
50.0,Domingo      ,Seco e limpo,Leiria,Arruamento,Em bom estado,Bom tempo,Dois sentidos,Fora da intersecção,Dentro das localidades,Em pleno dia,Com marcas - separadoras de sentido de trânsito,Colisão traseira com outro veículo em movimento,NÃO DEFINIDO,Inexistentes,NÃO DEFINIDO,NÃO DEFINIDO,Inexistentes,Betuminoso,Recta,Em patamar,Berma pavimentada,Em plena via,Direita,Tarde,ligeiro,2015:08:02
50.0,Sexta-Feira  ,Seco e limpo,Setúbal,Arruamento,Em bom estado,Bom tempo,Dois sentidos,Fora da intersecção,Dentro das localidades,Em pleno dia,Com marcas - separadoras de sentido de trânsito,Colisão traseira com outro veículo em movimento,NÃO DEFINIDO,Inexistentes,NÃO DEFINIDO,NÃO DEFINIDO,Inexistentes,Betuminoso,Recta,Em patamar,Berma pavimentada,Em plena via,Direita,Manha,ligeiro,2013:08:09
50.0,Terça-Feira  ,Seco e limpo,Lisboa,Arruamento,Em estado regular,Bom tempo,Dois sentidos,Fora da intersecção,Dentro das localidades,Em pleno dia,Com marcas - separadoras de sentido de trânsito,Despiste simples,NÃO DEFINIDO,Inexistentes,NÃO DEFINIDO,NÃO DEFINIDO,Inexistentes,Betuminoso,Recta,Com inclinação,Berma pavimentada,Na berma,Direita,Manha,ligeiro,2019:08:13
50.0,Quarta-Feira ,Húmido,Lisboa,EN - Estrada Nacional,Em bom estado,Bom tempo,Dois sentidos,Fora da intersecção,Dentro das localidades,Em pleno dia,Com marcas - separadoras de sentido de trânsito,Despiste simples,NÃO DEFINIDO,Inexistentes,NÃO DEFINIDO,NÃO DEFINIDO,Desligada,Betuminoso,Recta,Em patamar,Berma pavimentada,Em plena via,Direita,Manha,ligeiro,2019:08:07
50.0,Sexta-Feira  ,Seco e limpo,Braga,EN - Estrada Nacional,Em estado regular,Bom tempo,Dois sentidos,Fora da intersecção,Dentro das localidades,Em pleno dia,Com marcas - separadoras de sentido de trânsito,Colisão lateral com outro veículo em movimento,NÃO DEFINIDO,Inexistentes,NÃO DEFINIDO,Outros,Inexistentes,Betuminoso,Recta,Com inclinação,Berma pavimentada,Em plena via,Direita,Manha,ligeiro,2017:08:25
50.0,Sexta-Feira  ,Seco e limpo,Porto,Arruamento,Em estado regular,Bom tempo,Dois sentidos,Fora da intersecção,Dentro das localidades,Em pleno dia,Com marcas - separadoras de sentido e de vias de trânsito,Colisão traseira com outro veículo em movimento,NÃO DEFINIDO,Inexistentes,NÃO DEFINIDO,Passagem de peões,Inexistentes,Betuminoso,Recta,Em patamar,Berma pavimentada,Em plena via,Direita,Tarde,ligeiro,2018:08:24
50.0,Sábado       ,Seco e limpo,Santarém,Arruamento,Em estado regular,Bom tempo,Dois sentidos,Fora da intersecção,Dentro das localidades,Em pleno dia,Sem marcas rodoviárias ou pouco visíveis,Colisão frontal,NÃO DEFINIDO,Inexistentes,NÃO DEFINIDO,NÃO DEFINIDO,Inexistentes,Betuminoso,Curva,Com inclinação,Sem berma ou impraticável,Em plena via,Direita,Manha,ligeiro,2015:08:15
50.0,Sábado       ,Seco e limpo,Lisboa,Arruamento,Em bom estado,Bom tempo,Dois sentidos,Em entroncamento,Dentro das localidades,"Noite, com iluminação",Sem marcas rodoviárias ou pouco visíveis,Colisão frontal,NÃO DEFINIDO,Inexistentes,NÃO DEFINIDO,Stop,Inexistentes,Betuminoso,Recta,Em patamar,Berma pavimentada,Em plena via,Direita,Noite,ligeiro,2012:08:11
50.0,Quarta-Feira ,Seco e limpo,Porto,Arruamento,Em bom estado,Bom tempo,Dois sentidos,Fora da intersecção,Dentro das localidades,Em pleno dia,Sem marcas rodoviárias ou pouco visíveis,Colisão com outras situações,NÃO DEFINIDO,Inexistentes,NÃO DEFINIDO,Outros,Inexistentes,Calçada,Curva,Em patamar,Berma não pavimentada,Em plena via,Direita,Tarde,ligeiro,2010:08:11
50.0,Segunda-Feira,Seco e limpo,Porto,Arruamento,Em bom estado,Bom tempo,Dois sentidos,Fora da intersecção,Dentro das localidades,Em pleno dia,Sem marcas rodoviárias ou pouco visíveis,Colisão com outras situações,NÃO DEFINIDO,Inexistentes,NÃO DEFINIDO,Outros,Inexistentes,Betuminoso,Recta,Em patamar,Sem berma ou impraticável,Em plena via,Direita,Noite,ligeiro,2019:08:12
50.0,Quarta-Feira ,Seco e limpo,Braga,Arruamento,Em bom estado,Bom tempo,Dois sentidos,Fora da intersecção,Dentro das localidades,"Noite, com iluminação",Sem marcas rodoviárias ou pouco visíveis,Colisão lateral com outro veículo em movimento,NÃO DEFINIDO,Inexistentes,NÃO DEFINIDO,NÃO DEFINIDO,Inexistentes,Betuminoso,Recta,Em patamar,Berma não pavimentada,Em plena via,Direita,Madrugada,ligeiro,2015:08:05
50.0,Sexta-Feira  ,Seco e limpo,Faro,Arruamento,Em estado regular,Bom tempo,Sentido único,Em cruzamento,Dentro das localidades,"Noite, com iluminação",Sem marcas rodoviárias ou pouco visíveis,Colisão lateral com outro veículo em movimento,NÃO DEFINIDO,Inexistentes,NÃO DEFINIDO,NÃO DEFINIDO,Desligada,Betuminoso,Recta,Em patamar,Berma pavimentada,Em plena via,Direita,Madrugada,ligeiro,2016:08:05
50.0,Quarta-Feira ,Seco e limpo,Lisboa,EN - Estrada Nacional,Em estado regular,Bom tempo,Dois sentidos,Fora da intersecção,Dentro das localidades,Em pleno dia,Com marcas - separadoras de sentido e de vias de trânsito,Colisão lateral com outro veículo em movimento,NÃO DEFINIDO,Inexistentes,NÃO DEFINIDO,NÃO DEFINIDO,Inexistentes,Betuminoso,Curva,Em patamar,Berma pavimentada,Em plena via,Direita,Manha,ligeiro,2017:08:23