Velocidade local,Dia da Semana,Cond Aderência,Distrito,Tipos Vias,Estado Conservação,Factores Atmosféricos,Reg Circulação1,Intersecção Vias,Localizações,Luminosidade,Marca Via,Natureza,Obras Arte,Obstáculos,Sentidos,Sinais,Sinais Luminosos,Tipo Piso,Traçado 1,Traçado 2,Traçado 3,Traçado 4,Via Trânsito,Periodo do Dia,Tipo de Acidente,Data
70.0,Quinta-Feira ,Molhado,Coimbra,EN - Estrada Nacional,Em bom estado,Chuva,Dois sentidos,Fora da intersecção,Dentro das localidades,Em pleno dia,Com marcas - separadoras de sentido de trânsito,Despiste simples,NÃO DEFINIDO,Inexistentes,No sentido crescente da quilometragem,NÃO DEFINIDO,Inexistentes,Betuminoso,Curva,Em patamar,Berma pavimentada,Em plena via,Direita,Tarde,ligeiro,2012:10:18
50.0,Quinta-Feira ,Seco e limpo,Aveiro,Arruamento,Em estado regular,Bom tempo,Sentido único,Fora da intersecção,Dentro das localidades,Em pleno dia,Com marcas - separadoras de sentido de trânsito,Despiste simples,NÃO DEFINIDO,Inexistentes,NÃO DEFINIDO,NÃO DEFINIDO,Inexistentes,Betuminoso,Curva,Em patamar,Sem berma ou impraticável,Em plena via,Direita,Tarde,ligeiro,2017:10:12
50.0,Sexta-Feira  ,Seco e limpo,Porto,Arruamento,Em bom estado,Bom tempo,Dois sentidos,Fora da intersecção,Dentro das localidades,"Noite, com iluminação",Com marcas - separadoras de sentido e de vias de trânsito,Despiste com colisão com veículo imobil. ou obstáculo,NÃO DEFINIDO,Inexistentes,NÃO DEFINIDO,Cedência de passagem,Inexistentes,Betuminoso,Recta,Com inclinação,Berma pavimentada,Em plena via,Direita,Noite,ligeiro,2015:10:23
50.0,Segunda-Feira,Seco e limpo,Setúbal,EN - Estrada Nacional,Em bom estado,Bom tempo,Dois sentidos,Fora da intersecção,Fora das localidades,"Noite, sem iluminação",Com marcas - separadoras de sentido de trânsito,Colisão com veiculo ou obstáculo na faixa de rodagem,NÃO DEFINIDO,Não sinalizados,NÃO DEFINIDO,NÃO DEFINIDO,Inexistentes,Betuminoso,Curva,Com inclinação,Berma não pavimentada,Em plena via,Direita,Noite,ligeiro,2016:10:17
50.0,Quarta-Feira ,Molhado,Porto,Arruamento,Em bom estado,Chuva,Dois sentidos,Fora da intersecção,Dentro das localidades,Em pleno dia,Sem marcas rodoviárias ou pouco visíveis,Colisão com fuga,NÃO DEFINIDO,Inexistentes,NÃO DEFINIDO,NÃO DEFINIDO,Inexistentes,Calçada,Curva,Em patamar,Sem berma ou impraticável,Em plena via,Direita,Tarde,ligeiro,2018:10:17
50.0,Segunda-Feira,Húmido,Lisboa,Arruamento,Em estado regular,Bom tempo,Dois sentidos,Fora da intersecção,Dentro das localidades,Em pleno dia,Sem marcas rodoviárias ou pouco visíveis,Colisão lateral com outro veículo em movimento,NÃO DEFINIDO,Inexistentes,NÃO DEFINIDO,NÃO DEFINIDO,Inexistentes,Betuminoso,Recta,Em patamar,Sem berma ou impraticável,Em plena via,Direita,Manha,ligeiro,2011:10:31
50.0,Segunda-Feira,Seco e limpo,Lisboa,Arruamento,Em estado regular,Bom tempo,Dois sentidos,Fora da intersecção,Dentro das localidades,Em pleno dia,Com marcas - separadoras de sentido e de vias de trânsito,Colisão com outras situações,NÃO DEFINIDO,Inexistentes,NÃO DEFINIDO,Outros,A funcionar normalmente,Betuminoso,Curva,Com inclinação,Sem berma ou impraticável,Em parque de estacionamento,Central,Tarde,ligeiro,2017:10:23
80.0,Quarta-Feira ,Seco e limpo,Aveiro,IC - Itinerário Complementar,Em bom estado,Bom tempo,Dois sentidos,Fora da intersecção,Fora das localidades,Em pleno dia,Com marcas - separadoras de sentido de trânsito,Colisão traseira com outro veículo em movimento,NÃO DEFINIDO,Inexistentes,NÃO DEFINIDO,NÃO DEFINIDO,Inexistentes,Betuminoso,Recta,Com inclinação,Berma pavimentada,Em plena via,Direita,Tarde,ligeiro,2019:10:02
120.0,Quarta-Feira ,Seco e limpo,Porto,A  - Auto-Estrada,Em bom estado,Bom tempo,Sentido único,Fora da intersecção,Fora das localidades,"Noite, com iluminação",Com marcas - separadoras de sentido e de vias de trânsito,Colisão traseira com outro veículo em movimento,NÃO DEFINIDO,Inexistentes,No sentido crescente da quilometragem,Outros,A funcionar normalmente,Betuminoso,Recta,Em patamar,Sem berma ou impraticável,Em plena via,Direita,Noite,ligeiro,2019:10:23
50.0,Sábado       ,Seco e limpo,Aveiro,EN - Estrada Nacional,Em estado regular,Bom tempo,Dois sentidos,Em cruzamento,Dentro das localidades,Em pleno dia,Com marcas - separadoras de sentido de trânsito,Colisão com veiculo ou obstáculo na faixa de rodagem,NÃO DEFINIDO,Inexistentes,NÃO DEFINIDO,NÃO DEFINIDO,Inexistentes,Betuminoso,Recta,Em patamar,Berma não pavimentada,Em plena via,Direita,Tarde,ligeiro,2013:10:19
50.0,Sábado       ,Seco e limpo,Porto,Arruamento,Em bom estado,Bom tempo,Dois sentidos,Em cruzamento,Dentro das localidades,"Noite, com iluminação",Com marcas - separadoras de sentido e de vias de trânsito,Colisão lateral com outro veículo em movimento,NÃO DEFINIDO,Inexistentes,NÃO DEFINIDO,Outros,A funcionar normalmente,Betuminoso,Recta,Com inclinação,Berma pavimentada,Em plena via,Direita,Madrugada,ligeiro,2011:10:01
50.0,Domingo      ,Seco e limpo,Portalegre,Outra Via,Em estado regular,Bom tempo,Reversível,Fora da intersecção,Dentro das localidades,Aurora ou crepúsculo,Sem marcas rodoviárias ou pouco visíveis,Atropelamento de peões,NÃO DEFINIDO,Inexistentes,NÃO DEFINIDO,NÃO DEFINIDO,Inexistentes,Betuminoso,Recta,Em patamar,Berma pavimentada,Em plena via,Direita,Noite,ligeiro,2019:10:06
70.0,Terça-Feira  ,Húmido,Leiria,IC - Itinerário Complementar,Em bom estado,Bom tempo,Dois sentidos,Fora da intersecção,Fora das localidades,Em pleno dia,Com marcas - separadoras de sentido de trânsito,Colisão frontal,NÃO DEFINIDO,Inexistentes,NÃO DEFINIDO,NÃO DEFINIDO,Inexistentes,Betuminoso,Recta,Em patamar,Berma pavimentada,Em plena via,Direita,Manha,ligeiro,2015:10:13
50.0,Domingo      ,Seco e limpo,Coimbra,Arruamento,Em bom estado,Bom tempo,Dois sentidos,Em entroncamento,Dentro das localidades,Em pleno dia,Sem marcas rodoviárias ou pouco visíveis,Colisão frontal,NÃO DEFINIDO,Inexistentes,NÃO DEFINIDO,Stop,Inexistentes,Betuminoso,Curva,Em patamar,Sem berma ou impraticável,Em plena via,Direita,Manha,ligeiro,2013:10:06
50.0,Terça-Feira  ,Seco e limpo,Lisboa,Arruamento,Em bom estado,Bom tempo,Sentido único,Fora da intersecção,Dentro das localidades,Em pleno dia,Com marcas - separadoras de sentido e de vias de trânsito,Colisão traseira com outro veículo em movimento,NÃO DEFINIDO,Inexistentes,No sentido decrescente da quilometragem,Outros,Inexistentes,Betuminoso,Recta,Em patamar,Berma pavimentada,Em plena via,Esquerda,Tarde,ligeiro,2017:10:10
50.0,Segunda-Feira,Molhado,Lisboa,Arruamento,Em estado regular,Bom tempo,Dois sentidos,Fora da intersecção,Dentro das localidades,"Noite, com iluminação",Sem marcas rodoviárias ou pouco visíveis,Atropelamento de peões,NÃO DEFINIDO,Inexistentes,NÃO DEFINIDO,Outros,Desligada,Betuminoso,Recta,Em patamar,Sem berma ou impraticável,Em plena via,Direita,Noite,ligeiro,2019:10:21
50.0,Domingo      ,Seco e limpo,Santarém,Arruamento,Em bom estado,Bom tempo,Dois sentidos,Fora da intersecção,Dentro das localidades,Em pleno dia,Com marcas - separadoras de sentido de trânsito,Despiste simples,NÃO DEFINIDO,Inexistentes,NÃO DEFINIDO,Outros,Inexistentes,Betuminoso,Curva,Com inclinação,Berma pavimentada,Na berma,Direita,Tarde,grave,2011:10:30
90.0,Quarta-Feira ,Seco e limpo,Lisboa,EN - Estrada Nacional,Em bom estado,Bom tempo,Dois sentidos,Fora da intersecção,Fora das localidades,"Noite, sem iluminação",Com marcas - separadoras de sentido e de vias de trânsito,Colisão choque em cadeia,NÃO DEFINIDO,Inexistentes,NÃO DEFINIDO,Outros,Inexistentes,Betuminoso,Recta,Em patamar,Berma pavimentada,Em plena via,Direita,Noite,ligeiro,2014:10:22
50.0,Quinta-Feira ,Seco e limpo,Aveiro,Arruamento,Em estado regular,Bom tempo,Dois sentidos,Fora da intersecção,Dentro das localidades,Em pleno dia,Sem marcas rodoviárias ou pouco visíveis,Despiste com colisão com veículo imobil. ou obstáculo,NÃO DEFINIDO,Inexistentes,NÃO DEFINIDO,NÃO DEFINIDO,Inexistentes,Betuminoso,Recta,Em patamar,Berma não pavimentada,Na berma,Direita,Tarde,ligeiro,2011:10:13
50.0,Sexta-Feira  ,Seco e limpo,Faro,Arruamento,Em bom estado,Bom tempo,Dois sentidos,Em cruzamento,Dentro das localidades,Em pleno dia,Com marcas - separadoras de sentido de trânsito,Colisão traseira com outro veículo em movimento,NÃO DEFINIDO,Inexistentes,NÃO DEFINIDO,Stop,Inexistentes,Betuminoso,Recta,Com inclinação,Berma pavimentada,Em plena via,Direita,Noite,ligeiro,2014:10:24
50.0,Sexta-Feira  ,Seco e limpo,Lisboa,EN - Estrada Nacional,Em estado regular,Bom tempo,Sentido único,Fora da intersecção,Dentro das localidades,Em pleno dia,Sem marcas rodoviárias ou pouco visíveis,Atropelamento de peões,NÃO DEFINIDO,Inexistentes,NÃO DEFINIDO,Outros,Inexistentes,Betuminoso,Recta,Em patamar,Sem berma ou impraticável,Em plena via,Direita,Manha,ligeiro,2018:10:26
50.0,Terça-Feira  ,Seco e limpo,Braga,EN - Estrada Nacional,Em estado regular,Bom tempo,Dois sentidos,Fora da intersecção,Dentro das localidades,Aurora ou crepúsculo,Com marcas - separadoras de sentido de trânsito,Atropelamento de peões,NÃO DEFINIDO,Inexistentes,NÃO DEFINIDO,Passagem de peões,Inexistentes,Betuminoso,Recta,Em patamar,Berma pavimentada,Em plena via,Direita,Manha,muito grave,2013:10:08
70.0,Terça-Feira  ,Seco e limpo,Setúbal,IC - Itinerário Complementar,Em bom estado,Bom tempo,Sentido único,Em cruzamento,Fora das localidades,"Noite, com iluminação",Com marcas - separadoras de sentido de trânsito,Despiste com colisão com veículo imobil. ou obstáculo,NÃO DEFINIDO,Inexistentes,No sentido crescente da quilometragem,NÃO DEFINIDO,A funcionar normalmente,Betuminoso,Recta,Em patamar,Berma pavimentada,Em plena via,Central,Noite,ligeiro,2010:10:26
50.0,Sexta-Feira  ,Seco e limpo,Braga,Arruamento,Em estado regular,Bom tempo,Dois sentidos,Em entroncamento,Dentro das localidades,Em pleno dia,Sem marcas rodoviárias ou pouco visíveis,Colisão frontal,NÃO DEFINIDO,Inexistentes,NÃO DEFINIDO,NÃO DEFINIDO,Desligada,Calçada,Curva,Com inclinação,Sem berma ou impraticável,Em plena via,Direita,Tarde,ligeiro,2019:10:11
80.0,Domingo      ,Molhado,Lisboa,IP- Itinerário Principal,Em estado regular,Chuva,Sentido único,NÃO DEFINIDO,Fora das localidades,Em pleno dia,Com marcas - separadoras de sentido e de vias de trânsito,Despiste com dispositivo de retenção,NÃO DEFINIDO,Inexistentes,No sentido decrescente da quilometragem,Outros,Inexistentes,Betuminoso,NÃO DEFINIDO,NÃO DEFINIDO,Berma pavimentada,Em plena via,Direita,Tarde,ligeiro,2014:10:12
50.0,Domingo      ,Seco e limpo,Aveiro,EN - Estrada Nacional,Em bom estado,Bom tempo,Dois sentidos,Fora da intersecção,Dentro das localidades,Em pleno dia,Com marcas - separadoras de sentido de trânsito,Colisão lateral com outro veículo em movimento,NÃO DEFINIDO,Inexistentes,NÃO DEFINIDO,NÃO DEFINIDO,Inexistentes,Betuminoso,Recta,Em patamar,Berma pavimentada,Em plena via,Direita,Tarde,ligeiro,2017:10:15
50.0,Quarta-Feira ,Molhado,Setúbal,Arruamento,Em estado regular,Chuva,Dois sentidos,Em cruzamento,Dentro das localidades,"Noite, com iluminação",Com marcas - separadoras de sentido e de vias de trânsito,Atropelamento de peões,NÃO DEFINIDO,Inexistentes,NÃO DEFINIDO,Passagem de peões,Inexistentes,Betuminoso,Recta,Em patamar,Berma pavimentada,Em plena via,Direita,Noite,ligeiro,2017:10:18
50.0,Domingo      ,Seco e limpo,Porto,Arruamento,Em bom estado,Bom tempo,Sentido único,Em cruzamento,Dentro das localidades,Em pleno dia,Sem marcas rodoviárias ou pouco visíveis,Colisão lateral com outro veículo em movimento,NÃO DEFINIDO,Inexistentes,NÃO DEFINIDO,NÃO DEFINIDO,Inexistentes,Betuminoso,Recta,Com inclinação,Sem berma ou impraticável,Em plena via,Direita,Noite,ligeiro,2011:10:09
50.0,Quinta-Feira ,Húmido,Setúbal,Arruamento,Em estado regular,Bom tempo,Dois sentidos,Fora da intersecção,Dentro das localidades,Em pleno dia,Com marcas - separadoras de sentido e de vias de trânsito,Despiste com colisão com veículo imobil. ou obstáculo,NÃO DEFINIDO,Inexistentes,NÃO DEFINIDO,Outros,Inexistentes,Betuminoso,Curva,Com inclinação,Berma pavimentada,Em plena via,Direita,Manha,ligeiro,2012:10:11
30.0,Sexta-Feira  ,Seco e limpo,Aveiro,Arruamento,Em bom estado,Bom tempo,Dois sentidos,Fora da intersecção,Dentro das localidades,Em pleno dia,Com marcas - separadoras de sentido de trânsito,Colisão lateral com outro veículo em movimento,NÃO DEFINIDO,Inexistentes,NÃO DEFINIDO,NÃO DEFINIDO,Inexistentes,Betuminoso,Curva,Com inclinação,Berma pavimentada,Em plena via,Direita,Noite,ligeiro,2015:10:30
50.0,Sábado       ,Seco e limpo,Porto,Arruamento,Em bom estado,Bom tempo,Dois sentidos,Fora da intersecção,Dentro das localidades,Em pleno dia,Com marcas - separadoras de sentido de trânsito,Atropelamento de peões,NÃO DEFINIDO,Inexistentes,NÃO DEFINIDO,NÃO DEFINIDO,Inexistentes,Betuminoso,Recta,Em patamar,Berma pavimentada,Em plena via,Direita,Manha,grave,2012:10:20
40.0,Sexta-Feira  ,Seco e limpo,Porto,Arruamento,Em estado regular,Bom tempo,Sentido único,Fora da intersecção,Dentro das localidades,"Noite, com iluminação",Sem marcas rodoviárias ou pouco visíveis,Atropelamento de peões,NÃO DEFINIDO,Inexistentes,No sentido crescente da quilometragem,Passagem de peões,Inexistentes,Betuminoso,Recta,Em patamar,Berma pavimentada,Em plena via,Direita,Noite,ligeiro,2017:10:27
50.0,Terça-Feira  ,Seco e limpo,Lisboa,Arruamento,Em estado regular,Bom tempo,Dois sentidos,Fora da intersecção,Dentro das localidades,Em pleno dia,Com marcas - separadoras de sentido de trânsito,Atropelamento de peões,NÃO DEFINIDO,Inexistentes,No sentido decrescente da quilometragem,Passagem de peões,Inexistentes,Betuminoso,Recta,Em patamar,Sem berma ou impraticável,Em plena via,Direita,Manha,ligeiro,2018:10:09
90.0,Domingo      ,Seco e limpo,Porto,A  - Auto-Estrada,Em bom estado,Chuva,Sentido único,Em via de aceleração,Fora das localidades,Em pleno dia,Com marcas - separadoras de sentido de trânsito,Despiste com dispositivo de retenção,NÃO DEFINIDO,Inexistentes,NÃO DEFINIDO,Outros,Inexistentes,NÃO DEFINIDO,Curva,Com inclinação,Berma pavimentada,Em plena via,Direita,Tarde,ligeiro,2010:10:03
50.0,Domingo      ,Seco e limpo,Coimbra,Arruamento,Em estado regular,Bom tempo,Dois sentidos,Fora da intersecção,Dentro das localidades,"Noite, com iluminação",Sem marcas rodoviárias ou pouco visíveis,Colisão frontal,NÃO DEFINIDO,Inexistentes,NÃO DEFINIDO,NÃO DEFINIDO,Inexistentes,Betuminoso,Curva,Em patamar,Berma pavimentada,Em plena via,Direita,Noite,ligeiro,2017:10:08
50.0,Quinta-Feira ,Molhado,Coimbra,Arruamento,Em estado regular,Chuva,Dois sentidos,Em entroncamento,Dentro das localidades,Em pleno dia,Com marcas - separadoras de sentido de trânsito,Colisão traseira com outro veículo em movimento,NÃO DEFINIDO,Inexistentes,NÃO DEFINIDO,Passagem de peões,Inexistentes,Betuminoso,Recta,Em patamar,Berma pavimentada,Em plena via,Direita,Manha,ligeiro,2012:10:11
50.0,Sexta-Feira  ,Húmido,Braga,Arruamento,Em estado regular,Bom tempo,Dois sentidos,Em entroncamento,Dentro das localidades,Em pleno dia,Com marcas - separadoras de sentido de trânsito,Colisão lateral com outro veículo em movimento,NÃO DEFINIDO,Inexistentes,NÃO DEFINIDO,Cedência de passagem,Inexistentes,Betuminoso,Recta,Em patamar,Berma pavimentada,Em plena via,Direita,Manha,ligeiro,2010:10:22
90.0,Sábado       ,Seco e limpo,Castelo Branco,Arruamento,Em estado regular,Bom tempo,Dois sentidos,Fora da intersecção,Dentro das localidades,Em pleno dia,Sem marcas rodoviárias ou pouco visíveis,Colisão frontal,NÃO DEFINIDO,Inexistentes,NÃO DEFINIDO,NÃO DEFINIDO,Inexistentes,Betuminoso,Curva,Em patamar,Sem berma ou impraticável,Em plena via,Direita,Tarde,ligeiro,2011:10:22
50.0,Quinta-Feira ,Húmido,Porto,Arruamento,Em estado regular,Bom tempo,Dois sentidos,NÃO DEFINIDO,Dentro das localidades,Sol escandeante,Sem marcas rodoviárias ou pouco visíveis,Colisão com veiculo ou obstáculo na faixa de rodagem,NÃO DEFINIDO,Inexistentes,NÃO DEFINIDO,NÃO DEFINIDO,Desligada,Betuminoso,Recta,Em patamar,Berma pavimentada,Em plena via,Direita,Manha,ligeiro,2010:10:14
50.0,Sexta-Feira  ,Seco e limpo,Guarda,EM - Estrada Municipal,Em estado regular,Bom tempo,Dois sentidos,Fora da intersecção,Dentro das localidades,Em pleno dia,Com marcas - separadoras de sentido de trânsito,Colisão traseira com outro veículo em movimento,NÃO DEFINIDO,Inexistentes,NÃO DEFINIDO,NÃO DEFINIDO,Inexistentes,Betuminoso,Recta,Com inclinação,Sem berma ou impraticável,Em plena via,Direita,Manha,ligeiro,2019:10:11
50.0,Sábado       ,Seco e limpo,Lisboa,Arruamento,Em estado regular,Bom tempo,Sentido único,Em rotunda,Dentro das localidades,Em pleno dia,Com marcas - separadoras de sentido e de vias de trânsito,Colisão frontal,NÃO DEFINIDO,Inexistentes,No sentido decrescente da quilometragem,Outros,Inexistentes,Betuminoso,Curva,Com inclinação,Berma pavimentada,Em plena via,Direita,Tarde,ligeiro,2014:10:11
50.0,Quinta-Feira ,Húmido,Lisboa,Arruamento,Em estado regular,Chuva,Sentido único,Em ramo de ligação - entrada,Dentro das localidades,Em pleno dia,Sem marcas rodoviárias ou pouco visíveis,Atropelamento de peões,NÃO DEFINIDO,Inexistentes,NÃO DEFINIDO,Outros,Inexistentes,Betuminoso,Curva,Em patamar,Berma não pavimentada,Na berma,Esquerda,Manha,ligeiro,2011:10:27
50.0,Segunda-Feira,Seco e limpo,Coimbra,EN - Estrada Nacional,Em bom estado,Bom tempo,Dois sentidos,Em entroncamento,Dentro das localidades,"Noite, com iluminação",Sem marcas rodoviárias ou pouco visíveis,Colisão traseira com outro veículo em movimento,NÃO DEFINIDO,Inexistentes,NÃO DEFINIDO,NÃO DEFINIDO,Inexistentes,Betuminoso,Recta,Em patamar,Sem berma ou impraticável,Em plena via,Direita,Noite,ligeiro,2011:10:03
50.0,Sexta-Feira  ,Seco e limpo,Faro,EM - Estrada Municipal,Em estado regular,Bom tempo,Dois sentidos,Fora da intersecção,Dentro das localidades,Em pleno dia,Com marcas - separadoras de sentido de trânsito,Colisão traseira com outro veículo em movimento,NÃO DEFINIDO,Inexistentes,NÃO DEFINIDO,NÃO DEFINIDO,Inexistentes,Betuminoso,Recta,Em patamar,Sem berma ou impraticável,Em plena via,Direita,Manha,ligeiro,2019:10:04
50.0,Segunda-Feira,Seco e limpo,Porto,Arruamento,Em estado regular,Bom tempo,Dois sentidos,Em rotunda,Dentro das localidades,"Noite, com iluminação",Com marcas - separadoras de sentido e de vias de trânsito,Atropelamento de peões,NÃO DEFINIDO,Inexistentes,NÃO DEFINIDO,Outros,A funcionar normalmente,Betuminoso,Curva,Em patamar,Berma pavimentada,Em plena via,Direita,Noite,ligeiro,2010:10:11
90.0,Sábado       ,Seco e limpo,Leiria,EN - Estrada Nacional,Em bom estado,Bom tempo,Dois sentidos,Fora da intersecção,Fora das localidades,"Noite, sem iluminação",Com marcas - separadoras de sentido de trânsito,Despiste com capotamento,NÃO DEFINIDO,Inexistentes,NÃO DEFINIDO,Outros,Inexistentes,Betuminoso,Curva,Em patamar,Berma não pavimentada,Na berma,Direita,Noite,ligeiro,2011:10:29
50.0,Sexta-Feira  ,Húmido,Porto,Arruamento,Em estado regular,Bom tempo,Dois sentidos,Fora da intersecção,Dentro das localidades,Em pleno dia,Sem marcas rodoviárias ou pouco visíveis,Colisão traseira com outro veículo em movimento,NÃO DEFINIDO,Inexistentes,NÃO DEFINIDO,NÃO DEFINIDO,Inexistentes,Betuminoso,Recta,Em patamar,Sem berma ou impraticável,Em plena via,Direita,Manha,ligeiro,2012:10:12
50.0,Segunda-Feira,Seco e limpo,Coimbra,EM - Estrada Municipal,Em estado regular,Bom tempo,Dois sentidos,Fora da intersecção,Dentro das localidades,Em pleno dia,Sem marcas rodoviárias ou pouco visíveis,Despiste com colisão com veículo imobil. ou obstáculo,NÃO DEFINIDO,Inexistentes,NÃO DEFINIDO,NÃO DEFINIDO,Inexistentes,Betuminoso,Recta,Em patamar,Sem berma ou impraticável,Em plena via,Direita,Manha,ligeiro,2010:10:18
50.0,Domingo      ,Molhado,Viana do Castelo,EN - Estrada Nacional,Em estado regular,Chuva,Dois sentidos,Fora da intersecção,Dentro das localidades,"Noite, sem iluminação",Com marcas - separadoras de sentido de trânsito,Despiste simples,NÃO DEFINIDO,Inexistentes,NÃO DEFINIDO,NÃO DEFINIDO,Inexistentes,Betuminoso,Recta,Em patamar,Berma pavimentada,Em plena via,Direita,Noite,ligeiro,2015:10:11
80.0,Domingo      ,Seco e limpo,Lisboa,IP- Itinerário Principal,Em bom estado,Bom tempo,Dois sentidos,Fora da intersecção,Fora das localidades,Em pleno dia,Com marcas - separadoras de sentido e de vias de trânsito,Atropelamento de peões,NÃO DEFINIDO,Inexistentes,No sentido crescente da quilometragem,Outros,Inexistentes,Betuminoso,Recta,Em patamar,Berma pavimentada,Em plena via,Direita,Tarde,ligeiro,2012:10:28
70.0,Segunda-Feira,Seco e limpo,Porto,EN - Estrada Nacional,Em bom estado,Bom tempo,Sentido único,Fora da intersecção,Fora das localidades,Em pleno dia,Com marcas - separadoras de sentido e de vias de trânsito,Colisão com outras situações,NÃO DEFINIDO,Inexistentes,No sentido crescente da quilometragem,NÃO DEFINIDO,Inexistentes,Betuminoso,Recta,Em patamar,Berma pavimentada,Em plena via,Direita,Tarde,ligeiro,2013:10:07
50.0,Terça-Feira  ,Seco e limpo,Porto,Arruamento,Em bom estado,Bom tempo,Sentido único,Fora da intersecção,Dentro das localidades,Em pleno dia,Sem marcas rodoviárias ou pouco visíveis,Colisão traseira com outro veículo em movimento,NÃO DEFINIDO,Inexistentes,NÃO DEFINIDO,Outros,Intermitente,Calçada,Recta,Em patamar,Berma pavimentada,Em plena via,Direita,Noite,ligeiro,2015:10:13
90.0,Terça-Feira  ,Seco e limpo,Bragança,EN - Estrada Nacional,Em bom estado,Bom tempo,Dois sentidos,Fora da intersecção,Fora das localidades,Em pleno dia,Com marcas - separadoras de sentido de trânsito,Despiste sem dispositivo de retenção,NÃO DEFINIDO,Inexistentes,NÃO DEFINIDO,Outros,Inexistentes,Betuminoso,Recta,Em patamar,Berma não pavimentada,Na berma,Direita,Manha,ligeiro,2011:10:11
50.0,Terça-Feira  ,Seco e limpo,Lisboa,Arruamento,Em estado regular,Bom tempo,Sentido único,Fora da intersecção,Dentro das localidades,"Noite, com iluminação",Com marcas - separadoras de sentido e de vias de trânsito,Colisão traseira com outro veículo em movimento,NÃO DEFINIDO,Inexistentes,NÃO DEFINIDO,Outros,A funcionar normalmente,Betuminoso,Curva,Em patamar,Berma pavimentada,Em plena via,Central,Noite,ligeiro,2018:10:23
90.0,Domingo      ,Seco e limpo,Castelo Branco,ER - Estrada Regional,Em bom estado,Bom tempo,Sentido único,Em rotunda,Fora das localidades,Em pleno dia,Com marcas - separadoras de sentido e de vias de trânsito,Despiste simples,NÃO DEFINIDO,Inexistentes,NÃO DEFINIDO,Outros,Inexistentes,Betuminoso,Curva,Em patamar,Berma pavimentada,Em plena via,Direita,Tarde,ligeiro,2010:10:24
50.0,Terça-Feira  ,Húmido,Lisboa,Arruamento,Em estado regular,Bom tempo,Dois sentidos,Em cruzamento,Dentro das localidades,Em pleno dia,Sem marcas rodoviárias ou pouco visíveis,Colisão frontal,NÃO DEFINIDO,Inexistentes,NÃO DEFINIDO,NÃO DEFINIDO,Inexistentes,Betuminoso,Recta,Em patamar,Berma pavimentada,Em plena via,Direita,Manha,ligeiro,2010:10:26
90.0,Sexta-Feira  ,Seco e limpo,Aveiro,EN - Estrada Nacional,Em bom estado,Bom tempo,Dois sentidos,Fora da intersecção,Fora das localidades,Em pleno dia,Com marcas - separadoras de sentido de trânsito,Despiste simples,NÃO DEFINIDO,Inexistentes,NÃO DEFINIDO,Outros,Desligada,Betuminoso,Recta,Em patamar,Berma pavimentada,Na berma,Direita,Tarde,grave,2010:10:15
50.0,Quarta-Feira ,Seco e limpo,Porto,EN - Estrada Nacional,Em estado regular,Bom tempo,Dois sentidos,Em cruzamento,Dentro das localidades,Em pleno dia,Com marcas - separadoras de sentido de trânsito,Colisão lateral com outro veículo em movimento,NÃO DEFINIDO,Inexistentes,NÃO DEFINIDO,Stop,Inexistentes,Betuminoso,Recta,Com inclinação,Sem berma ou impraticável,Em plena via,Direita,Manha,ligeiro,2017:10:11
50.0,Sábado       ,Seco e limpo,Viana do Castelo,Arruamento,Em bom estado,Bom tempo,Sentido único,Em cruzamento,Dentro das localidades,Em pleno dia,Sem marcas rodoviárias ou pouco visíveis,Colisão lateral com outro veículo em movimento,NÃO DEFINIDO,Inexistentes,NÃO DEFINIDO,Stop,Inexistentes,Betuminoso,Recta,Em patamar,Berma pavimentada,Em plena via,Direita,Manha,ligeiro,2016:10:29
50.0,Terça-Feira  ,Seco e limpo,Faro,EM - Estrada Municipal,Em bom estado,Chuva,Sentido único,Fora da intersecção,Fora das localidades,Em pleno dia,Sem marcas rodoviárias ou pouco visíveis,Colisão frontal,NÃO DEFINIDO,Inexistentes,NÃO DEFINIDO,NÃO DEFINIDO,Inexistentes,Terra batida,Recta,Em patamar,Sem berma ou impraticável,Em plena via,Direita,Manha,grave,2017:10:17
50.0,Quinta-Feira ,Húmido,Braga,Arruamento,Em estado regular,Chuva,Dois sentidos,Em entroncamento,Dentro das localidades,Em pleno dia,Sem marcas rodoviárias ou pouco visíveis,Colisão frontal,NÃO DEFINIDO,Inexistentes,NÃO DEFINIDO,NÃO DEFINIDO,Inexistentes,Calçada,Recta,Com inclinação,Berma pavimentada,Em plena via,Direita,Tarde,ligeiro,2019:10:24
50.0,Sábado       ,Seco e limpo,Aveiro,Arruamento,Em estado regular,Bom tempo,Dois sentidos,Fora da intersecção,Dentro das localidades,"Noite, com iluminação",Sem marcas rodoviárias ou pouco visíveis,Despiste simples,NÃO DEFINIDO,Inexistentes,NÃO DEFINIDO,NÃO DEFINIDO,Inexistentes,Betuminoso,Recta,Em patamar,Sem berma ou impraticável,Em plena via,Direita,Madrugada,ligeiro,2018:10:13
40.0,Terça-Feira  ,Molhado,Porto,Outra Via,Em bom estado,Chuva,Sentido único,Fora da intersecção,Fora das localidades,"Noite, com iluminação",Com marcas - separadoras de sentido e de vias de trânsito,Despiste com dispositivo de retenção,NÃO DEFINIDO,Inexistentes,No sentido decrescente da quilometragem,Outros,Inexistentes,Betuminoso,Recta,Com inclinação,Berma pavimentada,Em plena via,Direita,Noite,ligeiro,2019:10:29