Velocidade local,Dia da Semana,Cond Aderência,Distrito,Tipos Vias,Estado Conservação,Factores Atmosféricos,Reg Circulação1,Intersecção Vias,Localizações,Luminosidade,Marca Via,Natureza,Obras Arte,Obstáculos,Sentidos,Sinais,Sinais Luminosos,Tipo Piso,Traçado 1,Traçado 2,Traçado 3,Traçado 4,Via Trânsito,Periodo do Dia,Tipo de Acidente,Data
90.0,Segunda-Feira,Seco e limpo,Setúbal,Arruamento,Em estado regular,Bom tempo,Dois sentidos,Em entroncamento,Dentro das localidades,Em pleno dia,Com marcas - separadoras de sentido de trânsito,Colisão com outras situações,NÃO DEFINIDO,Inexistentes,NÃO DEFINIDO,NÃO DEFINIDO,Inexistentes,Betuminoso,Recta,Em patamar,Berma não pavimentada,Em plena via,Direita,Tarde,ligeiro,2013:12:16
50.0,Domingo      ,Seco e limpo,Setúbal,EN - Estrada Nacional,Em bom estado,Bom tempo,Dois sentidos,Fora da intersecção,Fora das localidades,Em pleno dia,Sem marcas rodoviárias ou pouco visíveis,Atropelamento de peões,NÃO DEFINIDO,Inexistentes,NÃO DEFINIDO,NÃO DEFINIDO,Inexistentes,Betuminoso,Recta,Em patamar,Sem berma ou impraticável,Em plena via,Direita,Tarde,ligeiro,2016:12:25
50.0,Sexta-Feira  ,Molhado,Lisboa,Arruamento,Em estado regular,Chuva,Sentido único,Em cruzamento,Dentro das localidades,Em pleno dia,Com marcas - separadoras de sentido e de vias de trânsito,Colisão lateral com outro veículo em movimento,NÃO DEFINIDO,Inexistentes,NÃO DEFINIDO,Cedência de passagem,Inexistentes,Betuminoso,Recta,Em patamar,Sem berma ou impraticável,Em plena via,Direita,Tarde,ligeiro,2019:12:20
50.0,Sexta-Feira  ,Seco e limpo,Lisboa,Arruamento,Em bom estado,Bom tempo,Dois sentidos,Fora da intersecção,Dentro das localidades,Em pleno dia,Com marcas - separadoras de sentido e de vias de trânsito,Colisão traseira com outro veículo em movimento,NÃO DEFINIDO,Inexistentes,NÃO DEFINIDO,Outros,A funcionar normalmente,Betuminoso,Recta,Com inclinação,Sem berma ou impraticável,Em plena via,Esquerda,Tarde,ligeiro,2019:12:06
50.0,Terça-Feira  ,Seco e limpo,Lisboa,Arruamento,Em estado regular,Bom tempo,Dois sentidos,Em entroncamento,Dentro das localidades,Em pleno dia,Com marcas - separadoras de sentido e de vias de trânsito,Colisão choque em cadeia,NÃO DEFINIDO,Inexistentes,NÃO DEFINIDO,Outros,A funcionar normalmente,Betuminoso,Recta,Em patamar,Berma pavimentada,Em plena via,Direita,Manha,ligeiro,2016:12:06
50.0,Quinta-Feira ,Molhado,Aveiro,Arruamento,Em bom estado,Chuva,Dois sentidos,Em entroncamento,Dentro das localidades,Em pleno dia,Sem marcas rodoviárias ou pouco visíveis,Colisão frontal,NÃO DEFINIDO,Inexistentes,NÃO DEFINIDO,NÃO DEFINIDO,Inexistentes,Betuminoso,Recta,Com inclinação,Sem berma ou impraticável,Em plena via,Direita,Tarde,ligeiro,2013:12:26
70.0,Quarta-Feira ,Seco e limpo,Braga,Arruamento,Em bom estado,Bom tempo,Dois sentidos,Fora da intersecção,Dentro das localidades,"Noite, com iluminação",Com marcas - separadoras de sentido e de vias de trânsito,Colisão traseira com outro veículo em movimento,NÃO DEFINIDO,Inexistentes,No sentido decrescente da quilometragem,Outros,Inexistentes,Betuminoso,Recta,Em patamar,Sem berma ou impraticável,Em plena via,Direita,Tarde,ligeiro,2014:12:24
50.0,Quarta-Feira ,Seco e limpo,Viana do Castelo,EN - Estrada Nacional,Em bom estado,Bom tempo,Dois sentidos,Fora da intersecção,Dentro das localidades,Em pleno dia,Com marcas - separadoras de sentido de trânsito,Colisão lateral com outro veículo em movimento,NÃO DEFINIDO,Inexistentes,NÃO DEFINIDO,Outros,Inexistentes,Betuminoso,Curva,Em patamar,Sem berma ou impraticável,Em plena via,Direita,Manha,ligeiro,2016:12:21
50.0,Terça-Feira  ,Seco e limpo,Lisboa,EN - Estrada Nacional,Em bom estado,Bom tempo,Reversível,Fora da intersecção,Dentro das localidades,Em pleno dia,Com marcas - separadoras de sentido de trânsito,Despiste com capotamento,NÃO DEFINIDO,Inexistentes,NÃO DEFINIDO,NÃO DEFINIDO,Inexistentes,Betuminoso,Recta,Em patamar,Berma não pavimentada,Em plena via,Direita,Tarde,ligeiro,2015:12:08
90.0,Quarta-Feira ,Seco e limpo,Setúbal,IC - Itinerário Complementar,Em bom estado,Bom tempo,Sentido único,Fora da intersecção,Fora das localidades,"Noite, sem iluminação",Com marcas - separadoras de sentido e de vias de trânsito,Colisão traseira com outro veículo em movimento,NÃO DEFINIDO,Inexistentes,No sentido crescente da quilometragem,Outros,Inexistentes,Betuminoso,Recta,Em patamar,Berma pavimentada,Em plena via,Direita,Noite,ligeiro,2011:12:21
50.0,Terça-Feira  ,Seco e limpo,Faro,EM - Estrada Municipal,Em estado regular,Bom tempo,Dois sentidos,NÃO DEFINIDO,Fora das localidades,Em pleno dia,Sem marcas rodoviárias ou pouco visíveis,Atropelamento com fuga,NÃO DEFINIDO,Inexistentes,NÃO DEFINIDO,Outros,Inexistentes,Betuminoso,Recta,Com inclinação,Berma não pavimentada,Na berma,Direita,Manha,ligeiro,2010:12:14
50.0,Terça-Feira  ,Húmido,Santarém,Arruamento,Em estado regular,Bom tempo,Dois sentidos,Fora da intersecção,Dentro das localidades,Em pleno dia,Com marcas - separadoras de sentido e de vias de trânsito,Colisão traseira com outro veículo em movimento,NÃO DEFINIDO,Inexistentes,NÃO DEFINIDO,Outros,Inexistentes,Betuminoso,Recta,Em patamar,Berma não pavimentada,Em plena via,Direita,Tarde,ligeiro,2010:12:21
50.0,Segunda-Feira,Seco e limpo,Leiria,Arruamento,Em bom estado,Bom tempo,Dois sentidos,Fora da intersecção,Dentro das localidades,Em pleno dia,Sem marcas rodoviárias ou pouco visíveis,Colisão lateral com outro veículo em movimento,NÃO DEFINIDO,Inexistentes,NÃO DEFINIDO,NÃO DEFINIDO,Inexistentes,Betuminoso,Recta,Com inclinação,Sem berma ou impraticável,Em plena via,Direita,Tarde,grave,2018:12:24
60.0,Sexta-Feira  ,"Com gelo, geada ou neve",Leiria,Outra Via,Em estado regular,Bom tempo,Sentido único,Fora da intersecção,Dentro das localidades,Aurora ou crepúsculo,Com marcas - separadoras de sentido e de vias de trânsito,Despiste com capotamento,NÃO DEFINIDO,Inexistentes,No sentido decrescente da quilometragem,Outros,Inexistentes,Betuminoso,Curva,Em patamar,Berma pavimentada,Em plena via,Direita,Manha,ligeiro,2010:12:03
90.0,Terça-Feira  ,Seco e limpo,Santarém,EN - Estrada Nacional,Em bom estado,Bom tempo,Dois sentidos,Fora da intersecção,Fora das localidades,Em pleno dia,Com marcas - separadoras de sentido de trânsito,Despiste com capotamento,NÃO DEFINIDO,Inexistentes,NÃO DEFINIDO,NÃO DEFINIDO,Inexistentes,Betuminoso,Recta,Em patamar,Berma não pavimentada,No passeio,Direita,Manha,ligeiro,2014:12:02
50.0,Sábado       ,Seco e limpo,Porto,Arruamento,Em estado regular,Nevoeiro,Dois sentidos,Fora da intersecção,Dentro das localidades,"Noite, com iluminação",Com marcas - separadoras de sentido de trânsito,Despiste simples,NÃO DEFINIDO,Inexistentes,NÃO DEFINIDO,NÃO DEFINIDO,Inexistentes,Betuminoso,Recta,Em patamar,Berma pavimentada,Em plena via,Direita,Manha,ligeiro,2016:12:24
90.0,Quinta-Feira ,Seco e limpo,Faro,EN - Estrada Nacional,Em estado regular,Bom tempo,Dois sentidos,Fora da intersecção,Fora das localidades,Em pleno dia,Com marcas - separadoras de sentido de trânsito,Colisão lateral com outro veículo em movimento,NÃO DEFINIDO,Inexistentes,NÃO DEFINIDO,Outros,Inexistentes,Betuminoso,Curva,Em patamar,Sem berma ou impraticável,Em plena via,Direita,Tarde,ligeiro,2010:12:23
50.0,Segunda-Feira,Seco e limpo,Lisboa,Arruamento,Em bom estado,Bom tempo,Dois sentidos,Fora da intersecção,Dentro das localidades,Em pleno dia,Com marcas - separadoras de sentido e de vias de trânsito,Colisão traseira com outro veículo em movimento,NÃO DEFINIDO,Inexistentes,NÃO DEFINIDO,Outros,Inexistentes,Betuminoso,Recta,Com inclinação,Berma pavimentada,Em plena via,Direita,Tarde,ligeiro,2019:12:02
50.0,Quinta-Feira ,Seco e limpo,Évora,Arruamento,Em bom estado,Bom tempo,Sentido único,Em rotunda,Dentro das localidades,"Noite, com iluminação",Sem marcas rodoviárias ou pouco visíveis,Despiste sem dispositivo de retenção,NÃO DEFINIDO,Inexistentes,NÃO DEFINIDO,Outros,Inexistentes,Betão de cimento,Curva,Em patamar,Sem berma ou impraticável,Em plena via,Direita,Noite,ligeiro,2010:12:02
70.0,Segunda-Feira,Seco e limpo,Lisboa,ER - Estrada Regional,Em estado regular,Bom tempo,Dois sentidos,Em cruzamento,Fora das localidades,Em pleno dia,Sem marcas rodoviárias ou pouco visíveis,Colisão choque em cadeia,NÃO DEFINIDO,Inexistentes,NÃO DEFINIDO,Outros,Inexistentes,Betuminoso,Recta,Em patamar,Berma pavimentada,Em plena via,Direita,Tarde,ligeiro,2019:12:30
50.0,Sexta-Feira  ,Seco e limpo,Lisboa,Arruamento,Em estado regular,Bom tempo,Dois sentidos,Em cruzamento,Dentro das localidades,Em pleno dia,Sem marcas rodoviárias ou pouco visíveis,Colisão lateral com outro veículo em movimento,NÃO DEFINIDO,Inexistentes,NÃO DEFINIDO,Cedência de passagem,Inexistentes,Betuminoso,Recta,Em patamar,Sem berma ou impraticável,Em plena via,Direita,Manha,ligeiro,2017:12:22
50.0,Sexta-Feira  ,Seco e limpo,Faro,EN - Estrada Nacional,Em bom estado,Bom tempo,Dois sentidos,Em rotunda,Dentro das localidades,Em pleno dia,Com marcas - separadoras de sentido e de vias de trânsito,Colisão lateral com outro veículo em movimento,NÃO DEFINIDO,Inexistentes,NÃO DEFINIDO,Cedência de passagem,Inexistentes,Betão de cimento,Curva,Em patamar,Berma não pavimentada,Em plena via,Direita,Tarde,ligeiro,2015:12:11
50.0,Quarta-Feira ,Seco e limpo,Porto,Arruamento,Em estado regular,Bom tempo,Dois sentidos,Em entroncamento,Dentro das localidades,Em pleno dia,Com marcas - separadoras de sentido e de vias de trânsito,Colisão traseira com outro veículo em movimento,NÃO DEFINIDO,Inexistentes,NÃO DEFINIDO,Outros,A funcionar normalmente,Betuminoso,Curva,Em patamar,Berma pavimentada,Em plena via,Esquerda,Tarde,ligeiro,2017:12:20
50.0,Sexta-Feira  ,Seco e limpo,Lisboa,Arruamento,Em bom estado,Bom tempo,Dois sentidos,Em entroncamento,Dentro das localidades,"Noite, com iluminação",Com marcas - separadoras de sentido e de vias de trânsito,Colisão com outras situações,NÃO DEFINIDO,Inexistentes,NÃO DEFINIDO,Outros,A funcionar normalmente,Betuminoso,Recta,Com inclinação,Berma pavimentada,Em plena via,Direita,Noite,ligeiro,2010:12:17
50.0,Quarta-Feira ,Seco e limpo,Aveiro,Arruamento,Em estado regular,Bom tempo,Dois sentidos,Em entroncamento,Dentro das localidades,Em pleno dia,Com marcas - separadoras de sentido de trânsito,Colisão com veiculo ou obstáculo na faixa de rodagem,NÃO DEFINIDO,Inexistentes,NÃO DEFINIDO,NÃO DEFINIDO,Inexistentes,Betuminoso,Recta,Em patamar,Berma não pavimentada,Em plena via,Direita,Tarde,ligeiro,2015:12:02
120.0,Segunda-Feira,Seco e limpo,Braga,A  - Auto-Estrada,Em bom estado,Bom tempo,Sentido único,Fora da intersecção,Fora das localidades,Em pleno dia,Com marcas - separadoras de sentido e de vias de trânsito,Colisão com veiculo ou obstáculo na faixa de rodagem,NÃO DEFINIDO,Inexistentes,No sentido decrescente da quilometragem,Outros,Inexistentes,Betuminoso,Curva,Com inclinação,Berma pavimentada,Em plena via,Direita,Tarde,ligeiro,2014:12:01
50.0,Quinta-Feira ,Seco e limpo,Setúbal,Arruamento,Em estado regular,Bom tempo,Dois sentidos,Em entroncamento,Dentro das localidades,Em pleno dia,Sem marcas rodoviárias ou pouco visíveis,Colisão com veiculo ou obstáculo na faixa de rodagem,NÃO DEFINIDO,Inexistentes,NÃO DEFINIDO,Stop,Inexistentes,Betuminoso,Recta,Com inclinação,Sem berma ou impraticável,Em plena via,Direita,Tarde,ligeiro,2011:12:29
90.0,Quinta-Feira ,Molhado,Lisboa,EN - Estrada Nacional,Em bom estado,Chuva,Dois sentidos,Fora da intersecção,Fora das localidades,Em pleno dia,Com marcas - separadoras de sentido de trânsito,Despiste simples,NÃO DEFINIDO,Inexistentes,NÃO DEFINIDO,Outros,Inexistentes,Betuminoso,Recta,Em patamar,Sem berma ou impraticável,Em plena via,Direita,Manha,ligeiro,2019:12:19
50.0,Segunda-Feira,Seco e limpo,Faro,Arruamento,Em bom estado,Bom tempo,Sentido único,Em rotunda,Dentro das localidades,Em pleno dia,Sem marcas rodoviárias ou pouco visíveis,Despiste com dispositivo de retenção,NÃO DEFINIDO,Inexistentes,NÃO DEFINIDO,Outros,Inexistentes,Betuminoso,Curva,Em patamar,Sem berma ou impraticável,Em plena via,Direita,Tarde,ligeiro,2014:12:08
50.0,Domingo      ,Com gravilha ou areia,Castelo Branco,Outra Via,Em bom estado,Bom tempo,Reversível,Em rotunda,Fora das localidades,Em pleno dia,Sem marcas rodoviárias ou pouco visíveis,Despiste simples,NÃO DEFINIDO,Inexistentes,NÃO DEFINIDO,Outros,Inexistentes,Betuminoso,Curva,Com inclinação,Berma pavimentada,Em plena via,Direita,Tarde,ligeiro,2017:12:17
50.0,Segunda-Feira,Seco e limpo,Lisboa,Arruamento,Em bom estado,Bom tempo,Sentido único,Fora da intersecção,Dentro das localidades,Em pleno dia,Sem marcas rodoviárias ou pouco visíveis,Colisão traseira com outro veículo em movimento,NÃO DEFINIDO,Inexistentes,NÃO DEFINIDO,Outros,Inexistentes,Betuminoso,Recta,Em patamar,Berma pavimentada,Em plena via,Direita,Manha,ligeiro,2013:12:16
50.0,Terça-Feira  ,Seco e limpo,Porto,EN - Estrada Nacional,Em bom estado,Bom tempo,Sentido único,Fora da intersecção,Dentro das localidades,Em pleno dia,Sem marcas rodoviárias ou pouco visíveis,Colisão frontal,NÃO DEFINIDO,Inexistentes,NÃO DEFINIDO,NÃO DEFINIDO,Inexistentes,Betuminoso,Recta,Em patamar,Sem berma ou impraticável,Em plena via,Direita,Tarde,ligeiro,2016:12:13
70.0,Domingo      ,Molhado,Setúbal,A  - Auto-Estrada,Em bom estado,Chuva,Sentido único,NÃO DEFINIDO,Fora das localidades,"Noite, com iluminação",Com marcas - separadoras de sentido e de vias de trânsito,Colisão choque em cadeia,NÃO DEFINIDO,Inexistentes,NÃO DEFINIDO,Outros,Inexistentes,Betuminoso,Recta,Em patamar,Berma pavimentada,Em plena via,Direita,Noite,ligeiro,2012:12:16
50.0,Segunda-Feira,Seco e limpo,Leiria,EN - Estrada Nacional,Em bom estado,Bom tempo,Dois sentidos,Fora da intersecção,Fora das localidades,"Noite, com iluminação",Com marcas - separadoras de sentido e de vias de trânsito,Despiste sem dispositivo de retenção,NÃO DEFINIDO,Inexistentes,NÃO DEFINIDO,Outros,Inexistentes,Betuminoso,Recta,Em patamar,Berma não pavimentada,Na berma,Direita,Noite,ligeiro,2010:12:27
50.0,Quinta-Feira ,Molhado,Santarém,EN - Estrada Nacional,Em bom estado,Chuva,Dois sentidos,Fora da intersecção,Dentro das localidades,"Noite, com iluminação",Sem marcas rodoviárias ou pouco visíveis,Atropelamento de peões,NÃO DEFINIDO,Inexistentes,NÃO DEFINIDO,Passagem de peões,A funcionar normalmente,Betuminoso,Recta,Em patamar,Sem berma ou impraticável,Em plena via,Direita,Noite,grave,2013:12:19
50.0,Sexta-Feira  ,Molhado,Faro,Arruamento,Em estado regular,Chuva,Dois sentidos,Em entroncamento,Dentro das localidades,Aurora ou crepúsculo,Sem marcas rodoviárias ou pouco visíveis,Despiste simples,NÃO DEFINIDO,Inexistentes,NÃO DEFINIDO,NÃO DEFINIDO,Inexistentes,Betuminoso,Recta,Em patamar,Berma pavimentada,Em plena via,Direita,Tarde,ligeiro,2011:12:23
50.0,Quinta-Feira ,Seco e limpo,Coimbra,Arruamento,Em bom estado,Bom tempo,Dois sentidos,Fora da intersecção,Dentro das localidades,Em pleno dia,Sem marcas rodoviárias ou pouco visíveis,Colisão frontal,NÃO DEFINIDO,Inexistentes,NÃO DEFINIDO,Outros,Inexistentes,Betuminoso,Recta,Em patamar,Berma pavimentada,Em plena via,Direita,Noite,ligeiro,2015:12:10
50.0,Segunda-Feira,Seco e limpo,Faro,Arruamento,Em estado regular,Bom tempo,Dois sentidos,Em cruzamento,Dentro das localidades,Em pleno dia,Com marcas - separadoras de sentido de trânsito,Colisão lateral com outro veículo em movimento,NÃO DEFINIDO,Inexistentes,NÃO DEFINIDO,Stop,Inexistentes,Betuminoso,Recta,Em patamar,Berma não pavimentada,Em plena via,Direita,Tarde,ligeiro,2016:12:05
50.0,Terça-Feira  ,Seco e limpo,Setúbal,Arruamento,Em bom estado,Bom tempo,Dois sentidos,Em entroncamento,Dentro das localidades,"Noite, com iluminação",Com marcas - separadoras de sentido e de vias de trânsito,Colisão com outras situações,NÃO DEFINIDO,Correctamente sinalizados,NÃO DEFINIDO,Passagem de peões,Inexistentes,Betuminoso,Recta,Com inclinação,Berma pavimentada,Em plena via,Direita,Noite,grave,2018:12:11
80.0,Sexta-Feira  ,"Com gelo, geada ou neve",Viseu,EN - Estrada Nacional,Em bom estado,Bom tempo,Dois sentidos,Fora da intersecção,Fora das localidades,Em pleno dia,Sem marcas rodoviárias ou pouco visíveis,Despiste com capotamento,NÃO DEFINIDO,Inexistentes,NÃO DEFINIDO,NÃO DEFINIDO,Inexistentes,Betuminoso,Curva,Com inclinação,Sem berma ou impraticável,Na berma,Direita,Manha,ligeiro,2017:12:22
50.0,Quarta-Feira ,Seco e limpo,Lisboa,Arruamento,Em bom estado,Bom tempo,Dois sentidos,Fora da intersecção,Dentro das localidades,Em pleno dia,Com marcas - separadoras de sentido de trânsito,Atropelamento com fuga,NÃO DEFINIDO,Inexistentes,NÃO DEFINIDO,Passagem de peões,Inexistentes,Betuminoso,Recta,Com inclinação,Berma pavimentada,Em plena via,Direita,Tarde,ligeiro,2010:12:15
50.0,Segunda-Feira,Seco e limpo,Porto,Arruamento,Em bom estado,Bom tempo,Dois sentidos,Fora da intersecção,Dentro das localidades,"Noite, com iluminação",Com marcas - separadoras de sentido de trânsito,Atropelamento de peões,NÃO DEFINIDO,Inexistentes,NÃO DEFINIDO,Passagem de peões,Inexistentes,Betuminoso,Recta,Com inclinação,Berma pavimentada,Em plena via,Direita,Noite,ligeiro,2012:12:10
50.0,Quinta-Feira ,Seco e limpo,Lisboa,Arruamento,Em bom estado,Bom tempo,Sentido único,Fora da intersecção,Dentro das localidades,"Noite, com iluminação",Com marcas - separadoras de sentido e de vias de trânsito,Colisão lateral com outro veículo em movimento,NÃO DEFINIDO,Não sinalizados,NÃO DEFINIDO,Outros,Inexistentes,Betuminoso,Recta,Em patamar,Berma pavimentada,Em plena via,Direita,Noite,ligeiro,2018:12:06
50.0,Terça-Feira  ,Húmido,Porto,Arruamento,Em estado regular,Bom tempo,Dois sentidos,Em cruzamento,Dentro das localidades,Em pleno dia,Sem marcas rodoviárias ou pouco visíveis,Colisão lateral com outro veículo em movimento,NÃO DEFINIDO,Insuficentemente sinalizados,NÃO DEFINIDO,Outros,Inexistentes,Betuminoso,Recta,Com inclinação,Berma pavimentada,Em plena via,Direita,Manha,ligeiro,2010:12:21
50.0,Sábado       ,Seco e limpo,Lisboa,Arruamento,Em estado regular,Bom tempo,Sentido único,Em cruzamento,Dentro das localidades,Em pleno dia,Sem marcas rodoviárias ou pouco visíveis,Atropelamento de peões,NÃO DEFINIDO,Inexistentes,NÃO DEFINIDO,NÃO DEFINIDO,Inexistentes,Calçada,Curva,Em patamar,Berma pavimentada,Em plena via,Direita,Manha,ligeiro,2011:12:17
50.0,Terça-Feira  ,Seco e limpo,Aveiro,Arruamento,Em bom estado,Bom tempo,Dois sentidos,Fora da intersecção,Dentro das localidades,Em pleno dia,Sem marcas rodoviárias ou pouco visíveis,Atropelamento de peões,NÃO DEFINIDO,Inexistentes,NÃO DEFINIDO,NÃO DEFINIDO,Inexistentes,Betuminoso,Recta,Em patamar,Sem berma ou impraticável,Em plena via,Direita,Tarde,ligeiro,2015:12:22
90.0,Domingo      ,Seco e limpo,Castelo Branco,EN - Estrada Nacional,Em bom estado,Bom tempo,Sentido único,Fora da intersecção,Fora das localidades,Em pleno dia,Com marcas - separadoras de sentido de trânsito,Colisão lateral com outro veículo em movimento,NÃO DEFINIDO,Inexistentes,NÃO DEFINIDO,NÃO DEFINIDO,Inexistentes,Betuminoso,Curva,Em patamar,Berma não pavimentada,Em plena via,Direita,Tarde,grave,2016:12:18
50.0,Terça-Feira  ,Seco e limpo,Guarda,EM - Estrada Municipal,Em estado regular,Bom tempo,Dois sentidos,Fora da intersecção,Fora das localidades,Em pleno dia,Com marcas - separadoras de sentido de trânsito,Despiste simples,NÃO DEFINIDO,Inexistentes,NÃO DEFINIDO,NÃO DEFINIDO,Inexistentes,Betuminoso,Recta,Com inclinação,Sem berma ou impraticável,Na berma,Direita,Tarde,ligeiro,2019:12:17
90.0,Terça-Feira  ,Molhado,Lisboa,EN - Estrada Nacional,Em estado regular,Chuva,Dois sentidos,Fora da intersecção,Fora das localidades,Em pleno dia,Com marcas - separadoras de sentido de trânsito,Despiste simples,NÃO DEFINIDO,Inexistentes,NÃO DEFINIDO,NÃO DEFINIDO,Inexistentes,Betuminoso,Curva,Em patamar,Berma não pavimentada,Em plena via,Direita,Manha,ligeiro,2013:12:24
50.0,Segunda-Feira,Molhado,Coimbra,EN - Estrada Nacional,Em bom estado,Chuva,Dois sentidos,Fora da intersecção,Dentro das localidades,Aurora ou crepúsculo,Com marcas - separadoras de sentido de trânsito,Colisão frontal,NÃO DEFINIDO,Inexistentes,NÃO DEFINIDO,Proibição de ultrapassagem,Inexistentes,Betuminoso,Curva,Em patamar,Sem berma ou impraticável,Em plena via,NÃO DEFINIDO,Tarde,ligeiro,2010:12:20
50.0,Sexta-Feira  ,Húmido,Viana do Castelo,Arruamento,Em bom estado,Bom tempo,Dois sentidos,Fora da intersecção,Dentro das localidades,Em pleno dia,Sem marcas rodoviárias ou pouco visíveis,Despiste simples,NÃO DEFINIDO,Inexistentes,NÃO DEFINIDO,NÃO DEFINIDO,Inexistentes,Betuminoso,Recta,Com inclinação,Sem berma ou impraticável,Em plena via,Direita,Manha,ligeiro,2013:12:06
50.0,Sexta-Feira  ,Seco e limpo,Braga,Arruamento,Em estado regular,Bom tempo,Dois sentidos,Fora da intersecção,Dentro das localidades,Em pleno dia,Com marcas - separadoras de sentido e de vias de trânsito,Colisão lateral com outro veículo em movimento,NÃO DEFINIDO,Inexistentes,NÃO DEFINIDO,Outros,Inexistentes,Betuminoso,Recta,Com inclinação,Sem berma ou impraticável,Em plena via,Direita,Tarde,ligeiro,2015:12:04
50.0,Sábado       ,Seco e limpo,Castelo Branco,EM - Estrada Municipal,Em bom estado,Bom tempo,Dois sentidos,Em cruzamento,Dentro das localidades,Em pleno dia,Sem marcas rodoviárias ou pouco visíveis,Atropelamento de peões,NÃO DEFINIDO,Inexistentes,NÃO DEFINIDO,NÃO DEFINIDO,Inexistentes,NÃO DEFINIDO,Curva,Em patamar,Berma não pavimentada,Em plena via,Direita,Manha,ligeiro,2015:12:26
50.0,Quinta-Feira ,Seco e limpo,Braga,Arruamento,Em estado regular,Bom tempo,Dois sentidos,Fora da intersecção,Dentro das localidades,"Noite, com iluminação",Com marcas - separadoras de sentido de trânsito,Atropelamento de peões,NÃO DEFINIDO,Inexistentes,NÃO DEFINIDO,NÃO DEFINIDO,Inexistentes,Betuminoso,Recta,Com inclinação,Berma não pavimentada,Em plena via,Direita,Noite,grave,2015:12:31
50.0,Terça-Feira  ,"Com gelo, geada ou neve",Bragança,EN - Estrada Nacional,Em bom estado,Bom tempo,Dois sentidos,Fora da intersecção,Dentro das localidades,"Noite, com iluminação",Com marcas - separadoras de sentido de trânsito,Despiste simples,NÃO DEFINIDO,Inexistentes,NÃO DEFINIDO,Outros,Inexistentes,Betuminoso,Curva,Em patamar,Berma pavimentada,Em plena via,Direita,Manha,ligeiro,2011:12:27
50.0,Sábado       ,Molhado,Setúbal,Arruamento,Em bom estado,Chuva,Sentido único,Em rotunda,Dentro das localidades,"Noite, sem iluminação",Com marcas - separadoras de sentido de trânsito,Colisão lateral com outro veículo em movimento,NÃO DEFINIDO,Inexistentes,NÃO DEFINIDO,Outros,Inexistentes,Betuminoso,Curva,Em patamar,Sem berma ou impraticável,Em plena via,Direita,Tarde,ligeiro,2014:12:13
50.0,Sexta-Feira  ,Seco e limpo,Évora,Arruamento,Em estado regular,Bom tempo,Dois sentidos,Fora da intersecção,Dentro das localidades,"Noite, com iluminação",Sem marcas rodoviárias ou pouco visíveis,Atropelamento com fuga,NÃO DEFINIDO,Inexistentes,NÃO DEFINIDO,NÃO DEFINIDO,Inexistentes,Calçada,Recta,Em patamar,Berma pavimentada,No passeio,Direita,Noite,ligeiro,2018:12:28
50.0,Quinta-Feira ,Seco e limpo,Faro,Arruamento,Em bom estado,Bom tempo,Dois sentidos,Fora da intersecção,Dentro das localidades,Em pleno dia,Com marcas - separadoras de sentido de trânsito,Despiste simples,NÃO DEFINIDO,Inexistentes,NÃO DEFINIDO,NÃO DEFINIDO,Inexistentes,Betuminoso,Recta,Em patamar,Berma pavimentada,Em plena via,Direita,Tarde,ligeiro,2019:12:12
50.0,Domingo      ,Seco e limpo,Lisboa,Arruamento,Em bom estado,Bom tempo,Sentido único,Fora da intersecção,Dentro das localidades,Em pleno dia,Sem marcas rodoviárias ou pouco visíveis,Colisão com outras situações,NÃO DEFINIDO,Inexistentes,NÃO DEFINIDO,Outros,A funcionar normalmente,Betuminoso,Recta,Em patamar,Sem berma ou impraticável,Em plena via,Direita,Manha,ligeiro,2014:12:21
50.0,Sábado       ,Seco e limpo,Guarda,Arruamento,Em bom estado,Bom tempo,Dois sentidos,Fora da intersecção,Dentro das localidades,Em pleno dia,Sem marcas rodoviárias ou pouco visíveis,Despiste com colisão com veículo imobil. ou obstáculo,NÃO DEFINIDO,Inexistentes,NÃO DEFINIDO,NÃO DEFINIDO,Inexistentes,Betuminoso,Recta,Com inclinação,Berma pavimentada,Na berma,Direita,Tarde,ligeiro,2011:12:24
120.0,Sábado       ,Seco e limpo,Lisboa,A  - Auto-Estrada,Em estado regular,Bom tempo,Sentido único,Fora da intersecção,Fora das localidades,Em pleno dia,Com marcas - separadoras de sentido e de vias de trânsito,Colisão com veiculo ou obstáculo na faixa de rodagem,NÃO DEFINIDO,Inexistentes,No sentido crescente da quilometragem,NÃO DEFINIDO,Inexistentes,Betuminoso,Recta,Em patamar,Sem berma ou impraticável,Em plena via,Direita,Tarde,ligeiro,2016:12:10
80.0,Sexta-Feira  ,Seco e limpo,Lisboa,IC - Itinerário Complementar,Em bom estado,Bom tempo,Sentido único,Fora da intersecção,Fora das localidades,Aurora ou crepúsculo,Com marcas - separadoras de sentido de trânsito,Colisão lateral com outro veículo em movimento,NÃO DEFINIDO,Inexistentes,No sentido decrescente da quilometragem,Outros,Inexistentes,Betuminoso,Recta,Em patamar,Berma pavimentada,Em plena via,Direita,Manha,ligeiro,2017:12:22
50.0,Quarta-Feira ,Seco e limpo,Beja,IP- Itinerário Principal,Em estado regular,Bom tempo,Dois sentidos,Em cruzamento,Fora das localidades,Aurora ou crepúsculo,Com marcas - separadoras de sentido de trânsito,Colisão lateral com outro veículo em movimento,NÃO DEFINIDO,Correctamente sinalizados,NÃO DEFINIDO,Cedência de passagem,Inexistentes,Betuminoso,Recta,Com inclinação,Berma pavimentada,Em plena via,Direita,Tarde,ligeiro,2011:12:07